category,subcategory,state,backers_count,goal,pledged,spotlight,staff_pick,state_loc,state_change_at_unix,state_changed_at, launched_at_unix,launched_at,deadline_unix,deadline,durationdays,projectsuccessb,projectsuccess,features,country,fullcategory,actualpledged,country_displayable_name,language,languagename,name,blurb,goalgroup,pledgedgroup
CRAFTS,DIY,FAILED,1,4500.0,1.0,False,False,IN,1581011576,2020-02-06 17:52:56,1578419575,2020-01-07 17:52:55,1581011575,2020-02-06 17:52:55,30.0,False,Failed,None,US,CRAFTS DIY,0.0,the United States,en,English,Make 100  Introducing Chalk Couture ,Introducing people to Chalk Couture ,5.0,1.0
CRAFTS,EMBROIDERY,FAILED,3,1000.0,41.0,False,False,UT,1587608693,2020-04-23 02:24:53,1585707893,2020-04-01 02:24:53,1587608693,2020-04-23 02:24:53,22.0,False,Failed,None,US,CRAFTS EMBROIDERY,0.0,the United States,en,English,Embroidery With My Boys,Custom embroidery to grow our business ,3.0,1.0
CRAFTS,CROCHET,FAILED,4,1785.395475,179.4608115651,False,False,CA,1592955188,2020-06-23 23:33:08,1590363188,2020-05-24 23:33:08,1592955188,2020-06-23 23:33:08,30.0,False,Failed,None,US,CRAFTS CROCHET,0.0,Canada,en,English,hookin  sheep  Wrap up in natural warmth and imagination,All natural handmade hooded blankets - but not just any plain old hood  These hoods depict animals like bears  raccoons and sloths,4.0,2.0
CRAFTS,STATIONERY,SUCCESSFUL,24,100.0,1087.0,True,False,VA,1607057940,2020-12-04 04:59:00,1604542278,2020-11-05 02:11:18,1607057940,2020-12-04 04:59:00,29.0,True,Success,Spotlight,US,CRAFTS STATIONERY,1087.0,the United States,en,English,Mountain Stationery,Hand-made greeting cards celebrating the outdoors  and our connection to the natural world in an artisan  northwest style ,1.0,3.0
