category,subcategory,state,backers_count,goal,pledged,spotlight,staff_pick,state_loc,state_change_at_unix,state_changed_at, launched_at_unix,launched_at,deadline_unix,deadline,durationdays,projectsuccessb,projectsuccess,features,country,fullcategory,actualpledged,country_displayable_name,language,languagename,name,blurb,goalgroup,pledgedgroup
PHOTOGRAPHY,PEOPLE,SUCCESSFUL,82,2000.0,2793.0,True,False,NY,1582176842,2020-02-20 05:34:02,1580448842,2020-01-31 05:34:02,1582176842,2020-02-20 05:34:02,20.0,True,Success,Spotlight,US,PHOTOGRAPHY PEOPLE,2793.0,the United States,en,English,Team Rockstar - Rockstar Roadtrip 2020 Make 100 Project,A limited run book based on recent Rockstar Roadtrips across the world at large ,4.0,5.0
PHOTOGRAPHY,PHOTOBOOKS,SUCCESSFUL,53,1111.0,3271.0,True,False,NV,1584555061,2020-03-18 18:11:01,1584064229,2020-03-13 01:50:29,1584555060,2020-03-18 18:11:00,6.0,True,Success,Spotlight,US,PHOTOGRAPHY PHOTOBOOKS,3271.0,the United States,en,English,Rumination Volume Five Julie Nude Art Photography,A book of 100+ images exploring the stunning  strong  magical  and beautiful elegance of the female form ,3.0,5.0
PHOTOGRAPHY,PLACES,SUCCESSFUL,88,1500.0,3903.0,True,False,MT,1605655749,2020-11-17 23:29:09,1603837749,2020-10-27 22:29:09,1605655749,2020-11-17 23:29:09,21.0,True,Success,Spotlight,US,PHOTOGRAPHY PLACES,3903.0,the United States,en,English,2021  Damn Montana  Why You So Ugly   Calendar,Because let s face it  it s time we put 2020 behind us ,3.0,6.0
PHOTOGRAPHY,PLACES,SUCCESSFUL,40,5248.166013,5255.2320220233005,True,False,ON,1582665898,2020-02-25 21:24:58,1580073898,2020-01-26 21:24:58,1582665898,2020-02-25 21:24:58,30.0,True,Success,Spotlight,CA,PHOTOGRAPHY PLACES,5255.2320220233005,Canada,en,English,A Photobook of Ottawa (and surroundings),A Kickstarter Make 100 Project ,6.0,6.0
PHOTOGRAPHY,PHOTOBOOKS,SUCCESSFUL,91,1111.0,5383.0,True,False,NV,1601316661,2020-09-28 18:11:01,1600723377,2020-09-21 21:22:57,1601316660,2020-09-28 18:11:00,7.0,True,Success,Spotlight,US,PHOTOGRAPHY PHOTOBOOKS,5383.0,the United States,en,English,Rumination Volume NINE Nastasia Art Nude Photobook,Rumination Volume Nine  Nastasia  A beautiful Russian Dancer with elegance and magnetism  Photobook signed and numbered to 100 ,3.0,6.0
PHOTOGRAPHY,PHOTOBOOKS,SUCCESSFUL,83,1111.0,5543.0,True,False,NV,1590084662,2020-05-21 18:11:02,1589393469,2020-05-13 18:11:09,1590084660,2020-05-21 18:11:00,8.0,True,Success,Spotlight,US,PHOTOGRAPHY PHOTOBOOKS,5543.0,the United States,en,English,Rumination Six Debora Art Nude Photobook,Rumination Debora is an elegant photography book exploring the female form in Intriguing images with a Brazilian beauty  Limited to 100,3.0,6.0
PHOTOGRAPHY,PHOTOBOOKS,SUCCESSFUL,99,1111.0,5836.0,True,False,NV,1608059460,2020-12-15 19:11:00,1607376064,2020-12-07 21:21:04,1608059460,2020-12-15 19:11:00,8.0,True,Success,Spotlight,US,PHOTOGRAPHY PHOTOBOOKS,5836.0,the United States,en,English,Rumination Volume ELEVEN ANA Art Nude Photobook,A meditation on the female form  celebrating a natural beauty outside  Ana is a sophisticated ballerina with magnetism Limited MAKE 100,3.0,7.0
PHOTOGRAPHY,PHOTOBOOKS,SUCCESSFUL,62,6000.0,6971.0,True,False,GA,1584624519,2020-03-19 13:28:39,1582032519,2020-02-18 13:28:39,1584624519,2020-03-19 13:28:39,30.0,True,Success,Spotlight,US,PHOTOGRAPHY PHOTOBOOKS,6971.0,the United States,en,English,Fernbank Forest,A photographic book on Atlanta s celebrated old-growth forest,6.0,7.0
PHOTOGRAPHY,PHOTOBOOKS,SUCCESSFUL,765,20000.0,45562.0,True,False,WA,1585238654,2020-03-26 16:04:14,1582650254,2020-02-25 17:04:14,1585238654,2020-03-26 16:04:14,30.0,True,Success,Spotlight,US,PHOTOGRAPHY PHOTOBOOKS,45562.0,the United States,en,English,Small Cars  Big Inspiration,I’m 12 years old and on the autism spectrum  I take photos of toy cars so they look life size   Help me publish my coffee table book ,8.0,10.0
