category,subcategory,state,backers_count,goal,pledged,spotlight,staff_pick,state_loc,state_change_at_unix,state_changed_at, launched_at_unix,launched_at,deadline_unix,deadline,durationdays,projectsuccessb,projectsuccess,features,country,fullcategory,actualpledged,country_displayable_name,language,languagename,name,blurb,goalgroup,pledgedgroup
GAMES,PUZZLES,FAILED,11,2500.0,296.0,False,False,CA,1577418046,2019-12-27 03:40:46,1574826046,2019-11-27 03:40:46,1577418046,2019-12-27 03:40:46,30.0,False,Failed,None,US,GAMES PUZZLES,0.0,the United States,en,English,3D Cannon Puzzle,Here is a very Fine and Unique 3D Puzzle  Level of difficulty is 4 8/5  You will want to finish it once you will start solving it ,4.0,2.0
GAMES,LIVE GAMES,FAILED,6,15000.0,613.0,False,False,WA,1585239546,2020-03-26 16:19:06,1582651146,2020-02-25 17:19:06,1585239546,2020-03-26 16:19:06,30.0,False,Failed,None,US,GAMES LIVE GAMES,0.0,the United States,en,English,Treasure of the Northwest,A book of clues that lead to a hidden treasure ,8.0,2.0
GAMES,VIDEO GAMES,SUCCESSFUL,73,2000.0,2153.0,True,False,NY,1593576060,2020-07-01 04:01:00,1588895049,2020-05-07 23:44:09,1593576060,2020-07-01 04:01:00,54.0,True,Success,Spotlight,US,GAMES VIDEO GAMES,2153.0,the United States,en,English,RetroBound - Classic Turn-Based RPG Game,Defeat The Evil Vampire Lord Vexx And Restore Peace To RetroBound ,4.0,4.0
GAMES,GAMING HARDWARE,FAILED,118,8000.0,2578.0,False,False,KS,1586648454,2020-04-11 23:40:54,1583455254,2020-03-06 00:40:54,1586648454,2020-04-11 23:40:54,37.0,False,Failed,None,US,GAMES GAMING HARDWARE,0.0,the United States,en,English,Back Alley Dice Set,A Graffiti-Themed Dice Set for Table-Top Gaming,7.0,4.0
GAMES,PLAYING CARDS,FAILED,111,4000.0,2645.0,False,False,KY,1605202110,2020-11-12 17:28:30,1602606510,2020-10-13 16:28:30,1605202110,2020-11-12 17:28:30,30.0,False,Failed,None,US,GAMES PLAYING CARDS,0.0,the United States,en,English,Bicycle Monstrum Playing Cards,The monster is a dangerous form  suspended between forms  that threatens to smash reality ,5.0,5.0
GAMES,PLAYING CARDS,SUCCESSFUL,83,3700.0,4489.0,True,False,TX,1582847918,2020-02-27 23:58:38,1580342318,2020-01-29 23:58:38,1582847918,2020-02-27 23:58:38,29.0,True,Success,Spotlight,US,GAMES PLAYING CARDS,4489.0,the United States,en,English,Echoes of Nature Oracle,A 72-card tarot oracle deck created from animal and nature paintings,5.0,6.0
GAMES,PLAYING CARDS,SUCCESSFUL,162,7000.0,9187.0,True,False,CA,1580335140,2020-01-29 21:59:00,1575990354,2019-12-10 15:05:54,1580335140,2020-01-29 21:59:00,50.0,True,Success,Spotlight,US,GAMES PLAYING CARDS,9187.0,the United States,en,English,V-TWIN playing cards printed by USPCC,The attention to details & High-Quality illustration of the parts is exceptional  It s ART ,7.0,8.0
GAMES,PLAYING CARDS,SUCCESSFUL,550,8000.0,13191.0,True,True,CA,1580850000,2020-02-04 21:00:00,1579013999,2020-01-14 14:59:59,1580850000,2020-02-04 21:00:00,21.0,True,Success,Both,US,GAMES PLAYING CARDS,13191.0,the United States,en,English,KnifeTank  The Shüffling - Pocket Size Strategy Game ,You re a tank with a knife on it   KnifeTank is a player vs player card game that turns any table surface into a combat zone  All ages ,7.0,8.0
GAMES,VIDEO GAMES,SUCCESSFUL,2247,20000.0,65395.0,True,False,CA,1587608659,2020-04-23 02:24:19,1585016659,2020-03-24 02:24:19,1587608659,2020-04-23 02:24:19,30.0,True,Success,Spotlight,US,GAMES VIDEO GAMES,65395.0,the United States,en,English,Monster Layer - An adult sex RPG adventure game,We are creating a 3D open world RPG sexual adventure  Customize your own character and sleep your way through an amazing story ,8.0,10.0
