category,subcategory,state,backers_count,goal,pledged,spotlight,staff_pick,state_loc,state_change_at_unix,state_changed_at, launched_at_unix,launched_at,deadline_unix,deadline,durationdays,projectsuccessb,projectsuccess,features,country,fullcategory,actualpledged,country_displayable_name,language,languagename,name,blurb,goalgroup,pledgedgroup
DESIGN,GRAPHIC DESIGN,SUCCESSFUL,20,250.0,358.0,True,False,NY,1601568002,2020-10-01 16:00:02,1599008678,2020-09-02 01:04:38,1601568000,2020-10-01 16:00:00,30.0,True,Success,Spotlight,US,DESIGN GRAPHIC DESIGN,358.0,the United States,en,English,Mail the Vote,ENDING SOON  Election Day can t be a super-spreader ,1.0,2.0
DESIGN,PRODUCT DESIGN,SUCCESSFUL,22,267.563233,463.4883215302,True,False,ON,1600041600,2020-09-14 00:00:00,1599547066,2020-09-08 06:37:46,1600041600,2020-09-14 00:00:00,6.0,True,Success,Spotlight,CA,DESIGN PRODUCT DESIGN,463.4883215302,Canada,en,English,Butts and Bats Enamel Pins,Halloween and booty themed enamel pins,1.0,2.0
DESIGN,PRODUCT DESIGN,SUCCESSFUL,51,450.0,1088.0,True,False,NY,1594602000,2020-07-13 01:00:00,1592586024,2020-06-19 17:00:24,1594602000,2020-07-13 01:00:00,23.0,True,Success,Spotlight,US,DESIGN PRODUCT DESIGN,1088.0,the United States,en,English,Furbs and Friends  An Enamel Pin Campaign,An enamel pin series inspired by 90s toys,2.0,3.0
DESIGN,PRODUCT DESIGN,SUCCESSFUL,10,800.0,1113.0,True,True,NY,1602339601,2020-10-10 14:20:01,1600950362,2020-09-24 12:26:02,1602339600,2020-10-10 14:20:00,16.0,True,Success,Both,US,DESIGN PRODUCT DESIGN,1113.0,the United States,en,English,Gold Clutch bag weaved of cassette tapes,A physical Christmas song to your loved one this holiday season ,2.0,3.0
DESIGN,INTERACTIVE DESIGN,SUCCESSFUL,58,2000.0,2490.0,True,False,OH,1603972801,2020-10-29 12:00:01,1601380801,2020-09-29 12:00:01,1603972801,2020-10-29 12:00:01,30.0,True,Success,Spotlight,US,DESIGN INTERACTIVE DESIGN,2490.0,the United States,en,English,Scratch-off Tarot Reading,A scratch-off tarot card for reading your fate on the go,4.0,4.0
DESIGN,PRODUCT DESIGN,SUCCESSFUL,96,1000.0,4360.0,True,False,TN,1604246758,2020-11-01 16:05:58,1599059158,2020-09-02 15:05:58,1604246758,2020-11-01 16:05:58,60.0,True,Success,Spotlight,US,DESIGN PRODUCT DESIGN,4360.0,the United States,en,English,Bearded Roots Test Kits – Single-Ingredient Beard Oils,Test your own Beard Oil Blends  find out what works on your beard  and plant a forest  🌳 By Green Beard Grmng,3.0,6.0
DESIGN,PRODUCT DESIGN,SUCCESSFUL,61,4400.0,4927.45,True,False,CO,1582994407,2020-02-29 16:40:07,1577810406,2019-12-31 16:40:06,1582994406,2020-02-29 16:40:06,60.0,True,Success,Spotlight,US,DESIGN PRODUCT DESIGN,4927.45,the United States,en,English,PolarityGear Best One-Handed Paper Towel Holders,High-tech magnetic discs provide intermittent resistance to help rips sheets of paper ,5.0,6.0
DESIGN,PRODUCT DESIGN,SUCCESSFUL,71,4000.0,5913.0,True,False,WA,1591812360,2020-06-10 18:06:00,1588817996,2020-05-07 02:19:56,1591812360,2020-06-10 18:06:00,35.0,True,Success,Spotlight,US,DESIGN PRODUCT DESIGN,5913.0,the United States,en,English,Sleek Minimalist Watches by Altair,Altair Watches  Integrating high quality materials with a crisp minimalistic finish to delicately balance elegance and affordability ,5.0,7.0
DESIGN,PRODUCT DESIGN,SUCCESSFUL,163,5000.0,7039.0,True,False,CA,1583395208,2020-03-05 08:00:08,1580803208,2020-02-04 08:00:08,1583395208,2020-03-05 08:00:08,30.0,True,Success,Spotlight,US,DESIGN PRODUCT DESIGN,7039.0,the United States,en,English,MOD   Modern Dog Leashes  Collars & No-Pull Harnesses,Functional  safe & stylish dog gear for your four-legged friend ,6.0,7.0
DESIGN,PRODUCT DESIGN,SUCCESSFUL,91,8000.0,8053.0,True,False,WA,1603288797,2020-10-21 13:59:57,1600783197,2020-09-22 13:59:57,1603288797,2020-10-21 13:59:57,29.0,True,Success,Spotlight,US,DESIGN PRODUCT DESIGN,8053.0,the United States,en,English,Innovative Multi-Functional Fly Rod & Reel Holder,Fly Fishing enthusiasts now have a compact Fly Rod & Reel Holder that attaches to any vehicle and is multi-functional,7.0,7.0
DESIGN,GRAPHIC DESIGN,SUCCESSFUL,338,300.0,10552.0,True,False,IN,1595764868,2020-07-26 12:01:08,1593604868,2020-07-01 12:01:08,1595764868,2020-07-26 12:01:08,25.0,True,Success,Spotlight,US,DESIGN GRAPHIC DESIGN,10552.0,the United States,en,English,SUMMERWEEN (Halloween in July) Pastel Goth Pin Collection,A fun and spooky collection of high-quality enamel pins for the summer goth and pastel ghoul ,1.0,8.0
DESIGN,PRODUCT DESIGN,SUCCESSFUL,214,6000.0,14549.0,True,False,SC,1607695132,2020-12-11 13:58:52,1605103132,2020-11-11 13:58:52,1607695132,2020-12-11 13:58:52,30.0,True,Success,Spotlight,US,DESIGN PRODUCT DESIGN,14549.0,the United States,en,English,BOKS - the creative desk toy with endless possibilities,Open-ended fun for Kids &  Kidults   Plus-Plus sustainable play for the places you work  learn  & live ,6.0,8.0
DESIGN,PRODUCT DESIGN,SUCCESSFUL,116,14000.0,14854.0,True,False,CA,1580991341,2020-02-06 12:15:41,1575807338,2019-12-08 12:15:38,1580991338,2020-02-06 12:15:38,60.0,True,Success,Spotlight,US,DESIGN PRODUCT DESIGN,14854.0,the United States,en,English,RÖYHKEÄ Keychain,With Letters of alphabet engraved,8.0,8.0
DESIGN,TYPOGRAPHY,SUCCESSFUL,373,4000.0,16019.0,True,False,NY,1591891200,2020-06-11 16:00:00,1589458737,2020-05-14 12:18:57,1591891200,2020-06-11 16:00:00,28.0,True,Success,Spotlight,US,DESIGN TYPOGRAPHY,16019.0,the United States,en,English,Type Design A–Z,A Video Series on Type Design,5.0,8.0
DESIGN,PRODUCT DESIGN,SUCCESSFUL,170,3000.0,16939.0,True,False,CA,1583909400,2020-03-11 06:50:00,1580770861,2020-02-03 23:01:01,1583909400,2020-03-11 06:50:00,36.0,True,Success,Spotlight,US,DESIGN PRODUCT DESIGN,16939.0,the United States,en,English,Anti-Bacterial  Eco Friendly  Olympic Certified l Vita Towel,Concerned About Corona Virus  Stay Bacteria Free at the Gym with Our Antibacterial  Eco-Friendly  Olympic Tested Towel,5.0,9.0
DESIGN,PRODUCT DESIGN,SUCCESSFUL,131,10000.0,17627.0,True,False,IL,1593183635,2020-06-26 15:00:35,1590591635,2020-05-27 15:00:35,1593183635,2020-06-26 15:00:35,30.0,True,Success,Spotlight,US,DESIGN PRODUCT DESIGN,17627.0,the United States,en,English,NEXShot Pro   Short Game On,Improve all aspects of your short game from home with NEXShot Pro,7.0,9.0
DESIGN,INTERACTIVE DESIGN,SUCCESSFUL,63,18000.0,18237.0,True,False,NE,1599339600,2020-09-05 21:00:00,1596049688,2020-07-29 19:08:08,1599339600,2020-09-05 21:00:00,38.0,True,Success,Spotlight,US,DESIGN INTERACTIVE DESIGN,18237.0,the United States,en,English,FishTargets - Fun for Everyone - Get  Hooked ,Can t get on the water  Catch fish at home  the office  or anywhere ,8.0,9.0
DESIGN,TOYS,SUCCESSFUL,76,18000.0,18374.0,True,False,VT,1595692807,2020-07-25 16:00:07,1593100807,2020-06-25 16:00:07,1595692807,2020-07-25 16:00:07,30.0,True,Success,Spotlight,US,DESIGN TOYS,18374.0,the United States,en,English,Cake  a designer toy,A sugary treat baked into a designer vinyl  Meet Cake  the delicious cupcake who s ready to satisfy your hunger for toys ,8.0,9.0
DESIGN,PRODUCT DESIGN,SUCCESSFUL,96,7647.932,23034.852278392,True,False,ON,1602849608,2020-10-16 12:00:08,1598961608,2020-09-01 12:00:08,1602849608,2020-10-16 12:00:08,45.0,True,Success,Spotlight,CA,DESIGN PRODUCT DESIGN,23034.852278392,Canada,en,English,Infantry modular watches with interchangeable components,Inspired by Aviation elements  Automatic Movement with Modular Components  Customize your Watch in 20 Seconds ,7.0,9.0
DESIGN,PRODUCT DESIGN,SUCCESSFUL,222,10000.0,23444.0,True,False,CA,1579535999,2020-01-20 15:59:59,1576511999,2019-12-16 15:59:59,1579535999,2020-01-20 15:59:59,35.0,True,Success,Spotlight,US,DESIGN PRODUCT DESIGN,23444.0,the United States,en,English,Pwnage Ultra Custom - World s Lightest Wireless Gaming Mouse,Ultra Light (58g - 73g)   Wireless or Wired   Swappable Cover & Button   RGB   Ultra Flexible Type C Cable   Custom DPI Button,7.0,9.0
DESIGN,PRODUCT DESIGN,SUCCESSFUL,247,12000.0,27344.0,True,False,CO,1577485725,2019-12-27 22:28:45,1574893725,2019-11-27 22:28:45,1577485725,2019-12-27 22:28:45,30.0,True,Success,Spotlight,US,DESIGN PRODUCT DESIGN,27344.0,the United States,en,English,ALPINE   The Next Generation of Work Pants for Women,Performance stretch fabric tailored for work  Ultra breathable & Anti-odor made for long work days  Say hello to comfort ,8.0,9.0
DESIGN,PRODUCT DESIGN,SUCCESSFUL,144,24565.82287861,28097.2997597211,True,False,BC,1605834000,2020-11-20 01:00:00,1602794347,2020-10-15 20:39:07,1605834000,2020-11-20 01:00:00,35.0,True,Success,Spotlight,CA,DESIGN PRODUCT DESIGN,28097.2997597211,Canada,en,English,The OV from Sidechannel  Outside the Main Stream,The OV is a technical mid-layer overall to be worn under waders for fishing  ski and snowboard outerwear  and everywhere in-between ,9.0,9.0
DESIGN,PRODUCT DESIGN,SUCCESSFUL,295,10000.0,29332.0,True,False,CA,1585494684,2020-03-29 15:11:24,1580310684,2020-01-29 15:11:24,1585494684,2020-03-29 15:11:24,60.0,True,Success,Spotlight,US,DESIGN PRODUCT DESIGN,29332.0,the United States,en,English,Panda Evolve Pillow  Fully Adjustable  Tencel Cool Naturally,Tired of buying the wrong pillow  Unlike neck pillow that fits one size  our Loft Adjust Kit fits you perfectly saving time and money ,7.0,9.0
DESIGN,PRODUCT DESIGN,SUCCESSFUL,115,5000.0,30806.0,True,False,OK,1601553403,2020-10-01 11:56:43,1598961403,2020-09-01 11:56:43,1601553403,2020-10-01 11:56:43,30.0,True,Success,Spotlight,US,DESIGN PRODUCT DESIGN,30806.0,the United States,en,English,Open Goaaal LACROSSE 🥍 Shooting Practice Made Perfect,Now you can practice full power Lacrosse shots at home or away  without fear of missing ,6.0,9.0
DESIGN,PRODUCT DESIGN,SUCCESSFUL,94,12000.0,31061.0,True,False,NC,1584291540,2020-03-15 16:59:00,1581625226,2020-02-13 20:20:26,1584291540,2020-03-15 16:59:00,31.0,True,Success,Spotlight,US,DESIGN PRODUCT DESIGN,31061.0,the United States,en,English,All Terrain Electric Bike by Mountains To Sea Electric Bikes,The new and improved All Terrain R750 electric assist bike gives riders the power to explore their world ,8.0,9.0
DESIGN,PRODUCT DESIGN,SUCCESSFUL,94,7000.0,42269.0,True,False,CA,1592549940,2020-06-19 06:59:00,1589813763,2020-05-18 14:56:03,1592549940,2020-06-19 06:59:00,32.0,True,Success,Spotlight,US,DESIGN PRODUCT DESIGN,42269.0,the United States,en,English,Lucy   The AI Home Robot,The First All-in-One Robot Vacuum & Mop with Intruder Detection,7.0,10.0
DESIGN,DESIGN,SUCCESSFUL,336,30000.0,46013.0,True,False,NY,1580394599,2020-01-30 14:29:59,1575383399,2019-12-03 14:29:59,1580394599,2020-01-30 14:29:59,58.0,True,Success,Spotlight,US,DESIGN DESIGN,46013.0,the United States,en,English,Biaggi Curve   If a Carry-On and a Garment Bag Had a Baby,We took a carry-on  combined it with the protection of a garment bag  and created a hybrid bag you’re gonna love ,9.0,10.0
DESIGN,PRODUCT DESIGN,SUCCESSFUL,1595,3000.0,46380.5,True,False,CA,1602226740,2020-10-09 06:59:00,1599570000,2020-09-08 13:00:00,1602226740,2020-10-09 06:59:00,31.0,True,Success,Spotlight,US,DESIGN PRODUCT DESIGN,46380.5,the United States,en,English,AirFoams Pro Active 2 0 Ear Tips for AirPods Pro,Combining our previous Kickstarter s AirFoams Pro Memory Foam Tips with the durability and flexibility of Silicone,5.0,10.0
DESIGN,DESIGN,SUCCESSFUL,1421,10000.0,51857.0,True,False,NY,1600785032,2020-09-22 14:30:32,1597761032,2020-08-18 14:30:32,1600785032,2020-09-22 14:30:32,35.0,True,Success,Spotlight,US,DESIGN DESIGN,51857.0,the United States,en,English,Circular Travel Mug  Your new go-to reusable coffee cup,100% Leakproof   360-degree Drinking  100% Recyclable   Perfect for life on the go,7.0,10.0
DESIGN,PRODUCT DESIGN,SUCCESSFUL,1008,25780.82745,58460.08134312031,True,False,ON,1596758400,2020-08-07 00:00:00,1593696346,2020-07-02 13:25:46,1596758400,2020-08-07 00:00:00,35.0,True,Success,Spotlight,CA,DESIGN PRODUCT DESIGN,58460.08134312031,Canada,en,English,Certespiri   Long-Lasting & Sustainable Mask,A robust and transparent mask for your everyday life and work that is 100% recyclable ,9.0,10.0
DESIGN,DESIGN,SUCCESSFUL,507,7458.1226,58486.06790249539,True,False,BC,1600006728,2020-09-13 14:18:48,1596550726,2020-08-04 14:18:46,1600006726,2020-09-13 14:18:46,40.0,True,Success,Spotlight,CA,DESIGN DESIGN,58486.06790249539,Canada,en,English,Scooter One Shoes  The Most Advanced Minimalistic Sneaker,Sustainably designed to be the lightest  softest  fully cushioned high-tech shoe,7.0,10.0
DESIGN,PRODUCT DESIGN,SUCCESSFUL,118,10000.0,63859.0,True,False,FL,1589039850,2020-05-09 15:57:30,1586447849,2020-04-09 15:57:29,1589039849,2020-05-09 15:57:29,30.0,True,Success,Spotlight,US,DESIGN PRODUCT DESIGN,63859.0,the United States,en,English,Exotic ARAGON® Meteorite Bronze Swiss Automatic Watch,Parma 2 Swiss ETA 2824 Automatic Bronze Numbered Limited Edition 100 Pieces  Meteorite  Damascus  or MOP dial with Sapphire Crystal,7.0,10.0
DESIGN,PRODUCT DESIGN,SUCCESSFUL,1928,10006.3245392,68257.13607912,True,False,BC,1580302901,2020-01-29 13:01:41,1576069301,2019-12-11 13:01:41,1580302901,2020-01-29 13:01:41,49.0,True,Success,Spotlight,CA,DESIGN PRODUCT DESIGN,68257.13607912,Hong Kong,en,English,SINEX™-World s FlRST 3in1 MultiFunctional Laptop Stand Case ,Only $29   Laptop Case  Laptop Stand  Wrist Rest Water Proof Free Shipping&Gift  Redefine Your Lifestyle！,8.0,10.0
DESIGN,PRODUCT DESIGN,SUCCESSFUL,496,25000.0,74939.0,True,False,FL,1584626404,2020-03-19 14:00:04,1580742004,2020-02-03 15:00:04,1584626404,2020-03-19 14:00:04,45.0,True,Success,Spotlight,US,DESIGN PRODUCT DESIGN,74939.0,the United States,en,English,T2 ISO-TRAINER  PORTABLE TOTAL FITNESS TRAINING,The POWER & FREEDOM of choice to achieve the results you want  Replaces free weights  cable machines  suspension trainers + more ,9.0,10.0
DESIGN,PRODUCT DESIGN,SUCCESSFUL,372,10000.0,91697.0,True,True,ID,1582397127,2020-02-22 18:45:27,1581101127,2020-02-07 18:45:27,1582397127,2020-02-22 18:45:27,15.0,True,Success,Both,US,DESIGN PRODUCT DESIGN,91697.0,the United States,en,English,Heritage Periodic Table  Collector s Edition,An elegant element collection in beautiful Lucite acrylic  For scientists  educators  and enthusiasts ,7.0,10.0
DESIGN,PRODUCT DESIGN,SUCCESSFUL,311,10000.0,188489.0,True,False,CA,1603977176,2020-10-29 13:12:56,1601385176,2020-09-29 13:12:56,1603977176,2020-10-29 13:12:56,30.0,True,Success,Spotlight,US,DESIGN PRODUCT DESIGN,188489.0,the United States,en,English,The Coolest Coffee Table,A Beautiful  Built-To-Last Coffee Table… With a Secret ,7.0,10.0
DESIGN,PRODUCT DESIGN,SUCCESSFUL,1449,30000.0,219449.0,True,True,CA,1588953020,2020-05-08 15:50:20,1585756220,2020-04-01 15:50:20,1588953020,2020-05-08 15:50:20,37.0,True,Success,Both,US,DESIGN PRODUCT DESIGN,219449.0,the United States,en,English,TALO - A smart toothbrush that fits & cleans in seconds,The first self-brushing toothbrush  cleans teeth individually with game changing half mouth design,9.0,10.0
DESIGN,PRODUCT DESIGN,SUCCESSFUL,834,50000.0,264845.0,True,False,UT,1595534400,2020-07-23 20:00:00,1592408410,2020-06-17 15:40:10,1595534400,2020-07-23 20:00:00,36.0,True,Success,Spotlight,US,DESIGN PRODUCT DESIGN,264845.0,the United States,en,English,FERNWEH   The Backpacking Bag For Photography & The Outdoors,An adventure bag expertly built for reaching places you’ve never been — pushing the boundaries of comfort  access and versatility ,9.0,10.0
DESIGN,PRODUCT DESIGN,SUCCESSFUL,3849,10000.0,313895.0,True,False,CA,1607068740,2020-12-04 07:59:00,1604328420,2020-11-02 14:47:00,1607068740,2020-12-04 07:59:00,32.0,True,Success,Spotlight,US,DESIGN PRODUCT DESIGN,313895.0,the United States,en,English,Mopoint  World s Smallest 100W GaN USB-C Charger,100W GaN USB-C Charger  3 X USB-C and 1 X USB-A ports for 4 devices  Only 1/2 iPhone 12 Mini Size  20W Fast Charging for New iPhone 12,7.0,10.0
DESIGN,PRODUCT DESIGN,SUCCESSFUL,8159,13040.9184656,416463.5269010272,True,False,BC,1598540402,2020-08-27 15:00:02,1595343602,2020-07-21 15:00:02,1598540402,2020-08-27 15:00:02,37.0,True,Success,Spotlight,CA,DESIGN PRODUCT DESIGN,416463.5269010272,Canada,en,English,DuraPik   The Reusable Zero-Waste Dental Pick,If the planet could love a flosser  this would be it ,8.0,10.0
