category,subcategory,state,backers_count,goal,pledged,spotlight,staff_pick,state_loc,state_change_at_unix,state_changed_at, launched_at_unix,launched_at,deadline_unix,deadline,durationdays,projectsuccessb,projectsuccess,features,country,fullcategory,actualpledged,country_displayable_name,language,languagename,name,blurb,goalgroup,pledgedgroup
TECHNOLOGY,GADGETS,FAILED,2,100000.0,26.0,False,False,CA,1595534302,2020-07-23 19:58:22,1591646298,2020-06-08 19:58:18,1595534298,2020-07-23 19:58:18,45.0,False,Failed,None,US,TECHNOLOGY GADGETS,0.0,the United States,en,English,Phone Wireless Charger,Portable wireless phone charger with a variety of covers,10.0,1.0
TECHNOLOGY,GADGETS,FAILED,8,2432.36294,230.23357668360003,False,False,ON,1589119720,2020-05-10 14:08:40,1585231720,2020-03-26 14:08:40,1589119720,2020-05-10 14:08:40,45.0,False,Failed,None,CA,TECHNOLOGY GADGETS,0.0,Canada,en,English,SnapButton  Handcrafted Wood Handle  Bluetooth Selfie Button,A Wireless Bluetooth button for apps like Snapchat  Instagram  iOS and Android  Our handle is made out of North American Wood ,4.0,2.0
TECHNOLOGY,GADGETS,SUCCESSFUL,265,692.85857,8414.2754030653,True,False,BC,1587638542,2020-04-23 10:42:22,1585046541,2020-03-24 10:42:21,1587638541,2020-04-23 10:42:21,30.0,True,Success,Spotlight,CA,TECHNOLOGY GADGETS,8414.2754030653,Canada,en,English,Innerneed  World 1st Water & Air Inflatable Shoulder Straps,The world s best shoulder strap with Water & Air Inflatable/Pressure Relief/Hot Relief/Airflow Ventilate/Massage shoulder,2.0,7.0
TECHNOLOGY,GADGETS,SUCCESSFUL,50,9400.0,9770.0,True,False,FL,1602418660,2020-10-11 12:17:40,1598962660,2020-09-01 12:17:40,1602418660,2020-10-11 12:17:40,40.0,True,Success,Spotlight,US,TECHNOLOGY GADGETS,9770.0,the United States,en,English,The GS1-DoorCüb A New Kind Of Door Camera ,An affordable front door security camera    Monitor activity  receive snapshot alerts  Easy installation  No Drilling  No Damage ,7.0,8.0
TECHNOLOGY,GADGETS,SUCCESSFUL,60,10000.0,10405.0,True,False,CA,1584783705,2020-03-21 09:41:45,1580899305,2020-02-05 10:41:45,1584783705,2020-03-21 09:41:45,45.0,True,Success,Spotlight,US,TECHNOLOGY GADGETS,10405.0,the United States,en,English,qico pad  Wireless charging triggers wireless backup to PC,Backup without Unlocking Phone  Wireless & Secure Bidirectional Data Transfer between Phone and Computer without Internet Required ,7.0,8.0
TECHNOLOGY,GADGETS,SUCCESSFUL,72,5000.0,14180.0,True,False,PA,1602255084,2020-10-09 14:51:24,1599058284,2020-09-02 14:51:24,1602255084,2020-10-09 14:51:24,37.0,True,Success,Spotlight,US,TECHNOLOGY GADGETS,14180.0,the United States,en,English,OPTREC   Streaming Unbounded,A Smart Interactive Phone Pod For All Streaming And Photography Purposes,6.0,8.0
TECHNOLOGY,GADGETS,SUCCESSFUL,82,18000.0,18954.0,True,False,IL,1597935929,2020-08-20 15:05:29,1595343929,2020-07-21 15:05:29,1597935929,2020-08-20 15:05:29,30.0,True,Success,Spotlight,US,TECHNOLOGY GADGETS,18954.0,the United States,en,English,The easily refillable one-touch wearable gel sanitizer,The super convenient way to always have gel sanitizer on the go  at home or in the office  Germs have finally met their match ,8.0,9.0
TECHNOLOGY,GADGETS,SUCCESSFUL,176,2752.078968,33207.1123096902,True,False,ON,1602590708,2020-10-13 12:05:08,1599566708,2020-09-08 12:05:08,1602590708,2020-10-13 12:05:08,35.0,True,Success,Spotlight,CA,TECHNOLOGY GADGETS,33207.1123096902,Canada,en,English,EPOCH - Learn Arduino Coding & Circuit Design ALL-IN-1    ,The EPOCH is a programmable Arduino based learning center that houses 34x electronic blocks  along with 2x ATMEGA328 Microcontrollers  ,5.0,9.0
TECHNOLOGY,GADGETS,SUCCESSFUL,166,30000.0,39885.0,True,False,NJ,1600984741,2020-09-24 21:59:01,1598270402,2020-08-24 12:00:02,1600984740,2020-09-24 21:59:00,31.0,True,Success,Spotlight,US,TECHNOLOGY GADGETS,39885.0,the United States,en,English,SPACE KOTTY smart litter box,According to vets  this smart litter box may save the lives of thousands of cats  It monitors cat’s health and eliminates viruses ,9.0,10.0
