category,subcategory,state,backers_count,goal,pledged,spotlight,staff_pick,state_loc,state_change_at_unix,state_changed_at, launched_at_unix,launched_at,deadline_unix,deadline,durationdays,projectsuccessb,projectsuccess,features,country,fullcategory,actualpledged,country_displayable_name,language,languagename,name,blurb,goalgroup,pledgedgroup
JOURNALISM,WEB,FAILED,1,5800.0,1.0,False,False,MN,1590022381,2020-05-21 00:53:01,1587430380,2020-04-21 00:53:00,1590022380,2020-05-21 00:53:00,30.0,False,Failed,None,US,JOURNALISM WEB,0.0,the United States,en,English,Membership site for Life Coaching,Site will offer Self Love  Self Care and Inspirational content such as ebooks  online courses and coaching ,6.0,1.0
JOURNALISM,PRINT,FAILED,3,6000.0,12.0,False,False,MD,1582134780,2020-02-19 17:53:00,1576974415,2019-12-22 00:26:55,1582134780,2020-02-19 17:53:00,60.0,False,Failed,None,US,JOURNALISM PRINT,0.0,the United States,en,English,Beyond Words- Sending your personal notes after you re gone,A special way for hospice/terminal patients to handwrite future cards to loved ones  These gifts would be delivered after they are gone,6.0,1.0
JOURNALISM,JOURNALISM,FAILED,4,100000.0,62.0,False,False,CA,1604872560,2020-11-08 21:56:00,1599684960,2020-09-09 20:56:00,1604872560,2020-11-08 21:56:00,60.0,False,Failed,None,US,JOURNALISM JOURNALISM,0.0,the United States,en,English,The Journal of Cannabinoid Medicine,The Journal of Cannabinoid Medicine provides a platform for researchers to disseminate empirical research findings ,10.0,1.0
JOURNALISM,WEB,FAILED,17,55000.0,1242.0,False,False,WA,1598653888,2020-08-28 22:31:28,1596061888,2020-07-29 22:31:28,1598653888,2020-08-28 22:31:28,30.0,False,Failed,None,US,JOURNALISM WEB,0.0,the United States,en,English,Et Toile,An online publication that will feature articles about travel  arts  culture  weddings  lifestyle etc ,10.0,3.0
JOURNALISM,PRINT,SUCCESSFUL,194,14925.2284,18078.3993153118,True,False,BC,1603821600,2020-10-27 18:00:00,1601014549,2020-09-25 06:15:49,1603821600,2020-10-27 18:00:00,32.0,True,Success,Spotlight,CA,JOURNALISM PRINT,18078.3993153118,Canada,en,English,RACEWKND  A New Magazine for Formula 1 Fans ,Celebrate the circuits  cities  and culture of the race weekend  no matter where you are ,8.0,9.0
JOURNALISM,WEB,SUCCESSFUL,432,50000.0,58600.0,True,True,IL,1596862740,2020-08-08 04:59:00,1594253680,2020-07-09 00:14:40,1596862740,2020-08-08 04:59:00,30.0,True,Success,Both,US,JOURNALISM WEB,58600.0,the United States,en,English,The Return of Local News to the North Shore,We re back  The Record is a nonprofit local news site founded by former editors of 22nd Century Media (The Beacon  The Current  etc ),9.0,10.0
