category,subcategory,state,backers_count,goal,pledged,spotlight,staff_pick,state_loc,state_change_at_unix,state_changed_at, launched_at_unix,launched_at,deadline_unix,deadline,durationdays,projectsuccessb,projectsuccess,features,country,fullcategory,actualpledged,country_displayable_name,language,languagename,name,blurb,goalgroup,pledgedgroup
MUSIC,HIP-HOP,FAILED,1,800.0,1.0,False,False,TN,1603392042,2020-10-22 18:40:42,1600800042,2020-09-22 18:40:42,1603392042,2020-10-22 18:40:42,30.0,False,Failed,None,US,MUSIC HIP-HOP,0.0,the United States,en,English,R  A Dedication,The second EP from Hip Hop Artist  Caleb LaDuke,2.0,1.0
MUSIC,HIP-HOP,FAILED,1,5000.0,1.0,False,False,VA,1601009557,2020-09-25 04:52:37,1595825551,2020-07-27 04:52:31,1601009551,2020-09-25 04:52:31,60.0,False,Failed,None,US,MUSIC HIP-HOP,0.0,the United States,en,English,THE REVOLUTION HITS THE ROAD CAMPAIGN,A SMALL TOUR WITH MY DJ RICO BANKS  HIGHLIGHTING SOME OF THE QUALITY HIPHOP PROJECTS WE VE CREATED OVER THE YEARS,6.0,1.0
MUSIC,HIP-HOP,FAILED,2,500.0,21.0,False,False,NY,1606955460,2020-12-03 00:31:00,1601769071,2020-10-03 23:51:11,1606955460,2020-12-03 00:31:00,60.0,False,Failed,None,US,MUSIC HIP-HOP,0.0,the United States,en,English,Natey the Raptor,You ever wondered what would be born if you combined lyrical finess with the force of sixteen nuclear explosions  The raptor was born,2.0,1.0
MUSIC,KIDS,SUCCESSFUL,4,71.19454499999998,93.4713181305,True,False,QC,1587749858,2020-04-24 17:37:38,1586453683,2020-04-09 17:34:43,1587749683,2020-04-24 17:34:43,15.0,True,Success,Spotlight,CA,MUSIC KIDS,93.4713181305,Canada,en,English,The Godino Show,Children s songs,1.0,1.0
MUSIC,METAL,SUCCESSFUL,20,454.803864,589.1908257475999,True,False,QC,1605157200,2020-11-12 05:00:00,1603024385,2020-10-18 12:33:05,1605157200,2020-11-12 05:00:00,25.0,True,Success,Spotlight,CA,MUSIC METAL,589.1908257475999,Canada,en,English,Anna Pest  Dark Arms Reach Skyward  CD Release,Canadian metal producer Anna Pest is planning a CD release for her new album  “Dark Arms Reach Skyward With Bone White Fingers  ,2.0,2.0
MUSIC,ROCK,SUCCESSFUL,31,750.0,788.0,True,False,PA,1606689652,2020-11-29 22:40:52,1604094052,2020-10-30 21:40:52,1606689652,2020-11-29 22:40:52,30.0,True,Success,Spotlight,US,MUSIC ROCK,788.0,the United States,en,English,Needless Ghost 10 Inch Vinyl Pressing,Vinyl pressing of a two song single by Needless Ghost,2.0,3.0
MUSIC,INDIE ROCK,SUCCESSFUL,40,500.0,820.0,True,False,TN,1584932071,2020-03-23 02:54:31,1582343671,2020-02-22 03:54:31,1584932071,2020-03-23 02:54:31,30.0,True,Success,Spotlight,US,MUSIC INDIE ROCK,820.0,the United States,en,English,Take it Over with The First Rays,We are an Indie Rock Band inspired by video games  such as Guitar Hero  looking to influence the music industry and Take It Over ,2.0,3.0
MUSIC,COUNTRY & FOLK,SUCCESSFUL,28,1000.0,1086.0,True,False,IL,1585155600,2020-03-25 17:00:00,1581288654,2020-02-09 22:50:54,1585155600,2020-03-25 17:00:00,45.0,True,Success,Spotlight,US,MUSIC COUNTRY & FOLK,1086.0,the United States,en,English, Make Your Own Fun   a new record by Timothy Crosby,Pre-order  Make Your Own Fun   the new record by Americana songwriter and performer Timothy Crosby ,3.0,3.0
MUSIC,POP,SUCCESSFUL,50,1528.93276,1581.1381690901999,True,False,ON,1602129600,2020-10-08 04:00:00,1599576247,2020-09-08 14:44:07,1602129600,2020-10-08 04:00:00,30.0,True,Success,Spotlight,CA,MUSIC POP,1581.1381690901999,Canada,en,English,Help Melotika Complete Her Upcoming Album ,A crowdfunding campaign to raise money to fund Melotika s upcoming 2021 album  Be a part of the adventure ,4.0,4.0
MUSIC,COUNTRY & FOLK,SUCCESSFUL,27,1000.0,1667.66,True,False,ME,1593968040,2020-07-05 16:54:00,1591376040,2020-06-05 16:54:00,1593968040,2020-07-05 16:54:00,30.0,True,Success,Spotlight,US,MUSIC COUNTRY & FOLK,1667.66,the United States,en,English,Plague Dad  Sanitized For Your Protection,Songs written and recorded during the ongoing pandemic  in isolation  on acoustic instruments  But make no mistake  they rock ,3.0,4.0
MUSIC,MUSIC,SUCCESSFUL,21,1500.0,1763.0,True,False,TX,1602702533,2020-10-14 19:08:53,1600110532,2020-09-14 19:08:52,1602702532,2020-10-14 19:08:52,30.0,True,Success,Spotlight,US,MUSIC MUSIC,1763.0,the United States,en,English,Alexandra Debut EP,A fully produced and released multi-track debut EP with original songs ,3.0,4.0
MUSIC,WORLD MUSIC,SUCCESSFUL,43,1850.0,2235.0,True,False,NY,1601589788,2020-10-01 22:03:08,1598997687,2020-09-01 22:01:27,1601589687,2020-10-01 22:01:27,30.0,True,Success,Spotlight,US,MUSIC WORLD MUSIC,2235.0,the United States,en,English,New Shakuhachi CD  Inori by Marco Lienhard,A New Shakuhachi CD of beautiful music  time to relax and get some soothing time with soulful music,4.0,4.0
MUSIC,MUSIC,SUCCESSFUL,18,2300.0,2300.0,True,False,VA,1585254192,2020-03-26 20:23:12,1582665792,2020-02-25 21:23:12,1585254192,2020-03-26 20:23:12,30.0,True,Success,Spotlight,US,MUSIC MUSIC,2300.0,the United States,en,English,Dandelions  An Acoustic Record,An acoustic album,4.0,4.0
MUSIC,INDIE ROCK,SUCCESSFUL,69,2000.0,3402.0,True,False,OH,1592622000,2020-06-20 03:00:00,1589327132,2020-05-12 23:45:32,1592622000,2020-06-20 03:00:00,38.0,True,Success,Spotlight,US,MUSIC INDIE ROCK,3402.0,the United States,en,English,Happy Face Ep,Help support Mukiss  first self released EP ,4.0,5.0
MUSIC,POP,SUCCESSFUL,46,3500.0,3595.99,True,False,TN,1585922294,2020-04-03 13:58:14,1583247494,2020-03-03 14:58:14,1585922294,2020-04-03 13:58:14,31.0,True,Success,Spotlight,US,MUSIC POP,3595.99,the United States,en,English,STONEFISH S 3rd studio album, Vena Cava  is our 3rd album  It includes 8 tracks and is a thematic exploration of change  anxiety  and hope ,5.0,5.0
MUSIC,WORLD MUSIC,SUCCESSFUL,56,3000.0,3714.0,True,False,NY,1603980480,2020-10-29 14:08:00,1601379483,2020-09-29 11:38:03,1603980480,2020-10-29 14:08:00,30.0,True,Success,Spotlight,US,MUSIC WORLD MUSIC,3714.0,the United States,en,English,Louie Fleck s 2020 album  Magical Realism,An album of new original music in a Reggae style (CD  Vinyl & DIgital),5.0,5.0
MUSIC,HIP-HOP,SUCCESSFUL,62,3500.0,4078.0,True,True,HI,1607544028,2020-12-09 20:00:28,1604952028,2020-11-09 20:00:28,1607544028,2020-12-09 20:00:28,30.0,True,Success,Both,US,MUSIC HIP-HOP,4078.0,the United States,en,English,Thomas Iannucci s Third Full Length Album,We are now pursuing the following stretch goals  $4500 (colored vinyl)  $5500 (Remix EP)  and $6000 (robust marketing campaign) ,5.0,6.0
MUSIC,POP,SUCCESSFUL,88,4000.0,4120.0,True,False,NY,1594648402,2020-07-13 13:53:22,1589464402,2020-05-14 13:53:22,1594648402,2020-07-13 13:53:22,60.0,True,Success,Spotlight,US,MUSIC POP,4120.0,the United States,en,English,Eleri Ward s 2nd EP & Color of Change,After such a fulfilling release of my debut EP  I’m so ready to get back in the studio with your support ,5.0,6.0
MUSIC,COUNTRY & FOLK,SUCCESSFUL,15,5000.0,5076.0,True,False,TX,1582869601,2020-02-28 06:00:01,1577874632,2020-01-01 10:30:32,1582869600,2020-02-28 06:00:00,58.0,True,Success,Spotlight,US,MUSIC COUNTRY & FOLK,5076.0,the United States,en,English,Help Dayne Record “A Tale Of The Modern West” ,A two-part LP that tells a story with vivid imagery and re-occurring themes of a boy-turned man and drunkard in a modern “West” ,6.0,6.0
MUSIC,WORLD MUSIC,SUCCESSFUL,50,5000.0,5158.0,True,False,PA,1590368400,2020-05-25 01:00:00,1586917691,2020-04-15 02:28:11,1590368400,2020-05-25 01:00:00,40.0,True,Success,Spotlight,US,MUSIC WORLD MUSIC,5158.0,the United States,en,English,Wisdom Path,10 tracks of music molded from my experiences traveling around the world and from a collaboration with my musical hero  Steve Shehan ,6.0,6.0
MUSIC,MUSIC,SUCCESSFUL,60,2000.0,5215.0,True,False,CA,1605232500,2020-11-13 01:55:00,1602458759,2020-10-11 23:25:59,1605232500,2020-11-13 01:55:00,32.0,True,Success,Spotlight,US,MUSIC MUSIC,5215.0,the United States,en,English,Joya Soul s Eudaimonia EP,After a decade of writing songs  help Joya Soul complete her debut EP of life-affirming  posi-pop music ,4.0,6.0
MUSIC,COUNTRY & FOLK,SUCCESSFUL,142,5000.0,6000.0,True,True,PA,1577854805,2020-01-01 05:00:05,1575262805,2019-12-02 05:00:05,1577854805,2020-01-01 05:00:05,30.0,True,Success,Both,US,MUSIC COUNTRY & FOLK,6000.0,the United States,en,English,Bardy Pardy s Debut CD,Renaissance-faire based folk trio  Bardy Pardy  is looking to record our debut CD ,6.0,7.0
MUSIC,COUNTRY & FOLK,SUCCESSFUL,124,5600.0,6046.0,True,False,MN,1584237660,2020-03-15 02:01:00,1582152097,2020-02-19 22:41:37,1584237660,2020-03-15 02:01:00,24.0,True,Success,Spotlight,US,MUSIC COUNTRY & FOLK,6046.0,the United States,en,English,A Live Recording ,A new CD recorded live  in studio  with an audience ,6.0,7.0
MUSIC,MUSIC,SUCCESSFUL,155,5000.0,6295.0,True,False,NY,1596254340,2020-08-01 03:59:00,1593524271,2020-06-30 13:37:51,1596254340,2020-08-01 03:59:00,32.0,True,Success,Spotlight,US,MUSIC MUSIC,6295.0,the United States,en,English,This Is Halloween  A Midtown EP,This isn t your mother s holiday music - This Is Halloween,6.0,7.0
MUSIC,FAITH,SUCCESSFUL,66,10700.0,11181.6,True,False,IN,1582088341,2020-02-19 04:59:01,1580252404,2020-01-28 23:00:04,1582088340,2020-02-19 04:59:00,21.0,True,Success,Spotlight,US,MUSIC FAITH,11181.6,the United States,en,English,Megan Duke - Debut Album - HEART ON FIRE,Worshiper of Jesus and music artist Megan Duke is in the process of recording & releasing her DEBUT ALBUM and needs your help ,8.0,8.0
MUSIC,MUSIC,SUCCESSFUL,84,10000.0,11470.0,True,True,NJ,1603252740,2020-10-21 03:59:00,1600177919,2020-09-15 13:51:59,1603252740,2020-10-21 03:59:00,36.0,True,Success,Both,US,MUSIC MUSIC,11470.0,the United States,en,English, Funeral For My Morals  by CC Miles,Help CC Miles create new music  perhaps even the album of a lifetime   ,7.0,8.0
MUSIC,POP,SUCCESSFUL,200,20000.0,23238.0,True,False,CA,1591588800,2020-06-08 04:00:00,1586575756,2020-04-11 03:29:16,1591588800,2020-06-08 04:00:00,58.0,True,Success,Spotlight,US,MUSIC POP,23238.0,the United States,en,English,“The Slow March Of Time Flies By” LP by The Shadowboxers,Digital and Vinyl release of The Shadowboxers debut LP ,8.0,9.0
MUSIC,MUSIC,SUCCESSFUL,403,25000.0,28668.0,True,True,TN,1581746340,2020-02-15 05:59:00,1578665133,2020-01-10 14:05:33,1581746340,2020-02-15 05:59:00,36.0,True,Success,Both,US,MUSIC MUSIC,28668.0,the United States,en,English,Jill Andrews  Thirties,Jill Andrews is releasing a new album and book ,9.0,9.0
MUSIC,MUSIC,SUCCESSFUL,441,34800.0,40001.89,True,False,MO,1586092528,2020-04-05 13:15:28,1583504128,2020-03-06 14:15:28,1586092528,2020-04-05 13:15:28,30.0,True,Success,Spotlight,US,MUSIC MUSIC,40001.89,the United States,en,English,The Mighty Pines  New Album  Late Last Night,This album is the culmination of our personal and musical growth as The Mighty Pines  We re asking for your help to share our music ,9.0,10.0
MUSIC,COMEDY,SUCCESSFUL,1268,38700.0,62306.25,True,True,OR,1586397600,2020-04-09 02:00:00,1584539979,2020-03-18 13:59:39,1586397600,2020-04-09 02:00:00,22.0,True,Success,Both,US,MUSIC COMEDY,62306.25,the United States,en,English,Teaching A Robot To Love  A Doubleclicks Musical,A musical and album about what it means to be human  With jokes  cheese  gender metaphors  love  and a buffet ,9.0,10.0
