category,subcategory,state,backers_count,goal,pledged,spotlight,staff_pick,state_loc,state_change_at_unix,state_changed_at, launched_at_unix,launched_at,deadline_unix,deadline,durationdays,projectsuccessb,projectsuccess,features,country,fullcategory,actualpledged,country_displayable_name,language,languagename,name,blurb,goalgroup,pledgedgroup
COMICS,GRAPHIC NOVELS,FAILED,7,5000.0,689.0,False,True,NJ,1585541720,2020-03-30 04:15:20,1582348520,2020-02-22 05:15:20,1585541720,2020-03-30 04:15:20,37.0,False,Failed,StaffPick,US,COMICS GRAPHIC NOVELS,0.0,the United States,en,English,How to Cuss at Anyone,A graphic novel about teenagers  slang  art class  crushes  zines  conspiracy and rebellion  Wicked sense of humor throughout ,6.0,3.0
DESIGN,PRODUCT DESIGN,SUCCESSFUL,10,800.0,1113.0,True,True,NY,1602339601,2020-10-10 14:20:01,1600950362,2020-09-24 12:26:02,1602339600,2020-10-10 14:20:00,16.0,True,Success,Both,US,DESIGN PRODUCT DESIGN,1113.0,the United States,en,English,Gold Clutch bag weaved of cassette tapes,A physical Christmas song to your loved one this holiday season ,2.0,3.0
COMICS,COMIC BOOKS,SUCCESSFUL,71,2000.0,2174.0,True,True,VA,1599786000,2020-09-11 01:00:00,1597636953,2020-08-17 04:02:33,1599786000,2020-09-11 01:00:00,25.0,True,Success,Both,US,COMICS COMIC BOOKS,2174.0,the United States,en,English,Six-Petal Pyramid Chapter Two,She found a mummy  Now  what  The suspenseful webcomic s second chapter comes to print  But  ultimately  this is a romance   ,4.0,4.0
DANCE,PERFORMANCES,FAILED,60,30000.0,2627.0,False,True,NY,1583010032,2020-02-29 21:00:32,1580418031,2020-01-30 21:00:31,1583010031,2020-02-29 21:00:31,30.0,False,Failed,StaffPick,US,DANCE PERFORMANCES,0.0,the United States,en,English,THE D R E A M  RING TOUR 2020,A national flex dance tour including Dream Ring battles  master classes  and a newly crafted production  Flex Ave ,9.0,5.0
ART,PUBLIC ART,FAILED,55,10000.0,2691.0,False,True,OR,1589559145,2020-05-15 16:12:25,1586362345,2020-04-08 16:12:25,1589559145,2020-05-15 16:12:25,37.0,False,Failed,StaffPick,US,ART PUBLIC ART,0.0,the United States,en,English,Positive Propaganda  Making the world a more positive place ,We practice radical placemaking by putting positive messages into the built environment within cities all over the world ,7.0,5.0
COMICS,COMIC BOOKS,SUCCESSFUL,94,1300.0,3329.0,True,True,IN,1601955032,2020-10-06 03:30:32,1598931032,2020-09-01 03:30:32,1601955032,2020-10-06 03:30:32,35.0,True,Success,Both,US,COMICS COMIC BOOKS,3329.0,the United States,en,English,VOID BEAST CHAPTER 2   TRAINING GROUND  Void Beast Vol 1,The story of a werewolf begat of the primordial darkness that God split in two form day & night,3.0,5.0
PUBLISHING,CHILDREN'S BOOKS,SUCCESSFUL,68,2000.0,3563.0,True,True,CA,1596319830,2020-08-01 22:10:30,1591135830,2020-06-02 22:10:30,1596319830,2020-08-01 22:10:30,60.0,True,Success,Both,US,PUBLISHING CHILDREN'S BOOKS,3563.0,the United States,en,English,Tom Woof + Max The Owl,A Children’s Book about Creativity and Community,4.0,5.0
MUSIC,HIP-HOP,SUCCESSFUL,62,3500.0,4078.0,True,True,HI,1607544028,2020-12-09 20:00:28,1604952028,2020-11-09 20:00:28,1607544028,2020-12-09 20:00:28,30.0,True,Success,Both,US,MUSIC HIP-HOP,4078.0,the United States,en,English,Thomas Iannucci s Third Full Length Album,We are now pursuing the following stretch goals  $4500 (colored vinyl)  $5500 (Remix EP)  and $6000 (robust marketing campaign) ,5.0,6.0
FOOD,FOOD,SUCCESSFUL,118,2500.0,4181.0,True,True,NJ,1592004540,2020-06-12 23:29:00,1588980540,2020-05-08 23:29:00,1592004540,2020-06-12 23:29:00,35.0,True,Success,Both,US,FOOD FOOD,4181.0,the United States,en,English, That Sauce is BS ,Craft hot sauces that change with the season as well as year round flavors  Flavor before heat ,4.0,6.0
COMICS,GRAPHIC NOVELS,SUCCESSFUL,114,4672.688929999998,5039.5237660138,True,True,BC,1591939800,2020-06-12 05:30:00,1589302780,2020-05-12 16:59:40,1591939800,2020-06-12 05:30:00,31.0,True,Success,Both,CA,COMICS GRAPHIC NOVELS,5039.5237660138,Canada,en,English,Halfsoul  Part 2 Nalia (Part 1  Tale available),A fantasy graphic novel about anxiety  invisible disabilities and resilience ,6.0,6.0
MUSIC,COUNTRY & FOLK,SUCCESSFUL,142,5000.0,6000.0,True,True,PA,1577854805,2020-01-01 05:00:05,1575262805,2019-12-02 05:00:05,1577854805,2020-01-01 05:00:05,30.0,True,Success,Both,US,MUSIC COUNTRY & FOLK,6000.0,the United States,en,English,Bardy Pardy s Debut CD,Renaissance-faire based folk trio  Bardy Pardy  is looking to record our debut CD ,6.0,7.0
PUBLISHING,FICTION,SUCCESSFUL,222,1800.0,6155.0,True,True,NY,1587409897,2020-04-20 19:11:37,1582229497,2020-02-20 20:11:37,1587409897,2020-04-20 19:11:37,60.0,True,Success,Both,US,PUBLISHING FICTION,6155.0,the United States,en,English,The Unseen Hand / A Debut Fantasy Novel,Help fund the epic fantasy debut novel by authors Narcisse Navarre and Marzio Ombra set in Laremlis  an exciting new fantasy world ,4.0,7.0
COMICS,ANTHOLOGIES,FAILED,199,25335.0,6302.0,False,True,WA,1588564740,2020-05-04 03:59:00,1585670408,2020-03-31 16:00:08,1588564740,2020-05-04 03:59:00,33.0,False,Failed,StaffPick,US,COMICS ANTHOLOGIES,0.0,the United States,en,English,KITH + KIN  An Anthology,Ancient demons  ghosts  and golems come to life in this supernatural comics anthology that unearths what lies beneath the family tree ,9.0,7.0
COMICS,GRAPHIC NOVELS,SUCCESSFUL,212,7000.0,7586.0,True,True,NV,1583996340,2020-03-12 06:59:00,1581029398,2020-02-06 22:49:58,1583996340,2020-03-12 06:59:00,34.0,True,Success,Both,US,COMICS GRAPHIC NOVELS,7586.0,the United States,en,English,Mary Shelley Presents  the Trade Paperback,Ghosts  shapechangers and ancient curses -- Mary Shelley and her creature present horror stories written by women of the Victorian era ,7.0,7.0
FILM & VIDEO,COMEDY,SUCCESSFUL,76,7500.0,7846.0,True,True,GA,1579928340,2020-01-25 04:59:00,1576680164,2019-12-18 14:42:44,1579928340,2020-01-25 04:59:00,38.0,True,Success,Both,US,FILM & VIDEO COMEDY,7846.0,the United States,en,English,MESSY HEARTS movie,So  Jamie loves Kelli  who loves Leslie  Leslie just left her husband  but when Kelli doesn’t leave Jamie  Leslie starts dating Kelly ,7.0,7.0
FILM & VIDEO,SHORTS,SUCCESSFUL,72,7500.0,7935.0,True,True,NY,1581545882,2020-02-12 22:18:02,1579731482,2020-01-22 22:18:02,1581545882,2020-02-12 22:18:02,21.0,True,Success,Both,US,FILM & VIDEO SHORTS,7935.0,the United States,en,English,Intake - a short film,After an unfortunate incident  a young high schooler must complete a drug and alcohol abuse evaluation ,7.0,7.0
COMICS,ANTHOLOGIES,SUCCESSFUL,250,6500.0,8288.0,True,True,VA,1605297601,2020-11-13 20:00:01,1602777618,2020-10-15 16:00:18,1605297600,2020-11-13 20:00:00,29.0,True,Success,Both,US,COMICS ANTHOLOGIES,8288.0,the United States,en,English,Threads  Secret Places,Our anthology of short comics about secret places  fantastic and mundane ,7.0,7.0
MUSIC,MUSIC,SUCCESSFUL,84,10000.0,11470.0,True,True,NJ,1603252740,2020-10-21 03:59:00,1600177919,2020-09-15 13:51:59,1603252740,2020-10-21 03:59:00,36.0,True,Success,Both,US,MUSIC MUSIC,11470.0,the United States,en,English, Funeral For My Morals  by CC Miles,Help CC Miles create new music  perhaps even the album of a lifetime   ,7.0,8.0
COMICS,COMIC BOOKS,SUCCESSFUL,207,500.0,12283.0,True,True,CA,1605848340,2020-11-20 04:59:00,1604940556,2020-11-09 16:49:16,1605848340,2020-11-20 04:59:00,11.0,True,Success,Both,US,COMICS COMIC BOOKS,12283.0,the United States,en,English,Sam Kieth s 2021 Maxx Calendar,2021 Twelve Month Calendar Featuring THE MAXX Art by Creator Sam Kieth ,2.0,8.0
THEATER,EXPERIMENTAL,SUCCESSFUL,167,10000.0,13146.91,True,True,NY,1578113940,2020-01-04 04:59:00,1575095270,2019-11-30 06:27:50,1578113940,2020-01-04 04:59:00,35.0,True,Success,Both,US,THEATER EXPERIMENTAL,13146.91,the United States,en,English,MUKHAGNI in Under the Radar 2020,The Public Theater presents this irreverent performance memoir about death ,7.0,8.0
FILM & VIDEO,ANIMATION,FAILED,105,50000.0,13150.0,False,True,GA,1581162218,2020-02-08 11:43:38,1578570218,2020-01-09 11:43:38,1581162218,2020-02-08 11:43:38,30.0,False,Failed,StaffPick,US,FILM & VIDEO ANIMATION,0.0,the United States,en,English,Furious and Fat Cat,30 minute pilot  Furious and Fat Cat reunite after taking very different paths in life ,9.0,8.0
GAMES,PLAYING CARDS,SUCCESSFUL,550,8000.0,13191.0,True,True,CA,1580850000,2020-02-04 21:00:00,1579013999,2020-01-14 14:59:59,1580850000,2020-02-04 21:00:00,21.0,True,Success,Both,US,GAMES PLAYING CARDS,13191.0,the United States,en,English,KnifeTank  The Shüffling - Pocket Size Strategy Game ,You re a tank with a knife on it   KnifeTank is a player vs player card game that turns any table surface into a combat zone  All ages ,7.0,8.0
FILM & VIDEO,DOCUMENTARY,SUCCESSFUL,69,10000.0,20950.0,True,True,CA,1602792000,2020-10-15 20:00:00,1600189889,2020-09-15 17:11:29,1602792000,2020-10-15 20:00:00,30.0,True,Success,Both,US,FILM & VIDEO DOCUMENTARY,20950.0,the United States,en,English,The Future of Work is Here  A Responsive Documentary,A story about the future of work  which has so abruptly arrived ,7.0,9.0
FOOD,FOOD,SUCCESSFUL,130,20000.0,21470.0,True,True,IL,1582696801,2020-02-26 06:00:01,1580912981,2020-02-05 14:29:41,1582696800,2020-02-26 06:00:00,21.0,True,Success,Both,US,FOOD FOOD,21470.0,the United States,en,English,Seasons Sparkling  Sparkling Water for the Arts,Organic plant-based sparkling waters presented with contemporary art ,8.0,9.0
ART,SOCIAL PRACTICE,SUCCESSFUL,111,27000.0,27541.0,True,True,NY,1595427030,2020-07-22 14:10:30,1590243030,2020-05-23 14:10:30,1595427030,2020-07-22 14:10:30,60.0,True,Success,Both,US,ART SOCIAL PRACTICE,27541.0,the United States,en,English,BEVERLY S - So We Can See You Soon,Help Beverly s get through this time  and to have the resources to adapt to this new climate - so that we can reopen and serve you ,9.0,9.0
FASHION,ACCESSORIES,SUCCESSFUL,134,15000.0,28111.0,True,True,DC,1607447700,2020-12-08 17:15:00,1604901494,2020-11-09 05:58:14,1607447700,2020-12-08 17:15:00,29.0,True,Success,Both,US,FASHION ACCESSORIES,28111.0,the United States,en,English,round21 artist-designed ping pong paddles,🏓 Your Game Says A Lot About Who You Are,8.0,9.0
MUSIC,MUSIC,SUCCESSFUL,403,25000.0,28668.0,True,True,TN,1581746340,2020-02-15 05:59:00,1578665133,2020-01-10 14:05:33,1581746340,2020-02-15 05:59:00,36.0,True,Success,Both,US,MUSIC MUSIC,28668.0,the United States,en,English,Jill Andrews  Thirties,Jill Andrews is releasing a new album and book ,9.0,9.0
PUBLISHING,YOUNG ADULT,SUCCESSFUL,483,15000.0,31260.0,True,True,KS,1598644800,2020-08-28 20:00:00,1596801600,2020-08-07 12:00:00,1598644800,2020-08-28 20:00:00,21.0,True,Success,Both,US,PUBLISHING YOUNG ADULT,31260.0,the United States,en,English,Tales of Hibaria  The Awakening,A collection of twelve richly illustrated fantasy stories ,8.0,9.0
FASHION,FOOTWEAR,SUCCESSFUL,100,45000.0,47122.0,True,True,NY,1583354906,2020-03-04 20:48:26,1580762906,2020-02-03 20:48:26,1583354906,2020-03-04 20:48:26,30.0,True,Success,Both,US,FASHION FOOTWEAR,47122.0,the United States,en,English,F E  Castleberry Footwear  luxury made the old-fashioned way,A luxury footwear collection designed by F E  Castleberry  handmade in England  sold direct-to-consumer ,9.0,10.0
JOURNALISM,WEB,SUCCESSFUL,432,50000.0,58600.0,True,True,IL,1596862740,2020-08-08 04:59:00,1594253680,2020-07-09 00:14:40,1596862740,2020-08-08 04:59:00,30.0,True,Success,Both,US,JOURNALISM WEB,58600.0,the United States,en,English,The Return of Local News to the North Shore,We re back  The Record is a nonprofit local news site founded by former editors of 22nd Century Media (The Beacon  The Current  etc ),9.0,10.0
MUSIC,COMEDY,SUCCESSFUL,1268,38700.0,62306.25,True,True,OR,1586397600,2020-04-09 02:00:00,1584539979,2020-03-18 13:59:39,1586397600,2020-04-09 02:00:00,22.0,True,Success,Both,US,MUSIC COMEDY,62306.25,the United States,en,English,Teaching A Robot To Love  A Doubleclicks Musical,A musical and album about what it means to be human  With jokes  cheese  gender metaphors  love  and a buffet ,9.0,10.0
FOOD,FOOD TRUCKS,SUCCESSFUL,557,60000.0,64460.3,True,True,MN,1581897600,2020-02-17 00:00:00,1579185212,2020-01-16 14:33:32,1581897600,2020-02-17 00:00:00,31.0,True,Success,Both,US,FOOD FOOD TRUCKS,64460.3,the United States,en,English,Neon Lights & Civil Rights  On Wheels ,All Square is launching a food truck  Let s make grilled cheese mobile together ,10.0,10.0
DESIGN,PRODUCT DESIGN,SUCCESSFUL,372,10000.0,91697.0,True,True,ID,1582397127,2020-02-22 18:45:27,1581101127,2020-02-07 18:45:27,1582397127,2020-02-22 18:45:27,15.0,True,Success,Both,US,DESIGN PRODUCT DESIGN,91697.0,the United States,en,English,Heritage Periodic Table  Collector s Edition,An elegant element collection in beautiful Lucite acrylic  For scientists  educators  and enthusiasts ,7.0,10.0
FILM & VIDEO,DOCUMENTARY,SUCCESSFUL,974,95000.0,113509.23,True,True,PA,1607173306,2020-12-05 13:01:46,1603281705,2020-10-21 12:01:45,1607173305,2020-12-05 13:01:45,45.0,True,Success,Both,US,FILM & VIDEO DOCUMENTARY,113509.23,the United States,en,English,Arcade Dreams  The Definitive Arcade Documentary Series,Travel through time to discover the secret history of arcade games  The people  the places  and the stories behind a century of gaming ,10.0,10.0
ART,ILLUSTRATION,SUCCESSFUL,1674,50000.0,131197.0,True,True,CO,1605196447,2020-11-12 15:54:07,1602600847,2020-10-13 14:54:07,1605196447,2020-11-12 15:54:07,30.0,True,Success,Both,US,ART ILLUSTRATION,131197.0,the United States,en,English,Silver and Gold   The Normal Tarot,Reprint of the original Normal Tarot with silver foil  and the introduction of the gold foil Normal Tarot 2 ,9.0,10.0
DESIGN,PRODUCT DESIGN,SUCCESSFUL,1449,30000.0,219449.0,True,True,CA,1588953020,2020-05-08 15:50:20,1585756220,2020-04-01 15:50:20,1588953020,2020-05-08 15:50:20,37.0,True,Success,Both,US,DESIGN PRODUCT DESIGN,219449.0,the United States,en,English,TALO - A smart toothbrush that fits & cleans in seconds,The first self-brushing toothbrush  cleans teeth individually with game changing half mouth design,9.0,10.0
TECHNOLOGY,HARDWARE,SUCCESSFUL,1020,58640.9145,235150.78256415692,True,True,CA,1605038400,2020-11-10 20:00:00,1601974878,2020-10-06 09:01:18,1605038400,2020-11-10 20:00:00,35.0,True,Success,Both,US,TECHNOLOGY HARDWARE,235150.78256415692,Italy,en,English,Eteria - Amazing Filterless Personal Air Purifier,Finally redefining the concept of air purifiers thanks to a diffused purification and monitoring system - with powerful nanomaterials ,10.0,10.0
