category,subcategory,state,backers_count,goal,pledged,spotlight,staff_pick,state_loc,state_change_at_unix,state_changed_at, launched_at_unix,launched_at,deadline_unix,deadline,durationdays,projectsuccessb,projectsuccess,features,country,fullcategory,actualpledged,country_displayable_name,language,languagename,name,blurb,goalgroup,pledgedgroup
ART,PERFORMANCE ART,FAILED,2,30000.0,2.0,False,False,NC,1604268000,2020-11-01 22:00:00,1601661536,2020-10-02 17:58:56,1604268000,2020-11-01 22:00:00,30.0,False,Failed,None,US,ART PERFORMANCE ART,0.0,the United States,en,English,Fear  A Human Art,Haunted attractions focused on psychology  technology  creativity and live performances ,9.0,1.0
ART,DIGITAL ART,FAILED,4,270.0,32.0,False,False,ID,1587203685,2020-04-18 09:54:45,1582023285,2020-02-18 10:54:45,1587203685,2020-04-18 09:54:45,60.0,False,Failed,None,US,ART DIGITAL ART,0.0,the United States,en,English,Merpeople Inner Circle Keychains,Acrylic keychains with my artistic representations of Winner s fanbase  InnerCircles ,1.0,1.0
ART,PAINTING,FAILED,3,823.0,35.0,False,False,NM,1582435320,2020-02-23 05:22:00,1580252781,2020-01-28 23:06:21,1582435320,2020-02-23 05:22:00,25.0,False,Failed,None,US,ART PAINTING,0.0,the United States,en,English,Make/100 Whovian TARDIS Inspired Original Stellar Paintings,Shimmering  Glittering Fantastic Acrylic Paintings of the Brilliant Blue Time Traveling Phone Booth flying thru Time and Space,3.0,1.0
ART,INSTALLATIONS,FAILED,4,5000.0,100.0,False,False,CA,1591070401,2020-06-02 04:00:01,1586761311,2020-04-13 07:01:51,1591070400,2020-06-02 04:00:00,50.0,False,Failed,None,US,ART INSTALLATIONS,0.0,the United States,en,English,Donut Interactive Pop-Up Museum,A brand new Donut experience giving you all the pleasure of a Donut  without the guilt ,6.0,2.0
ART,DIGITAL ART,FAILED,10,1700.0,126.0,False,False,CA,1583294377,2020-03-04 03:59:37,1579406377,2020-01-19 03:59:37,1583294377,2020-03-04 03:59:37,45.0,False,Failed,None,US,ART DIGITAL ART,0.0,the United States,en,English,Sugar Highness Limited Edition Valentine s Day Enamel Pins,Sugar Highness presents Valentine s Day Limited Edition Pins ,4.0,2.0
ART,ILLUSTRATION,SUCCESSFUL,4,150.0,277.0,True,False,CA,1593384453,2020-06-28 22:47:33,1592174852,2020-06-14 22:47:32,1593384452,2020-06-28 22:47:32,14.0,True,Success,Spotlight,US,ART ILLUSTRATION,277.0,the United States,en,English,There be Dragons  Art Prints,A selection of dragon illustrations and art prints,1.0,2.0
ART,ILLUSTRATION,SUCCESSFUL,10,250.0,327.0,True,False,CA,1601017427,2020-09-25 07:03:47,1597561427,2020-08-16 07:03:47,1601017427,2020-09-25 07:03:47,40.0,True,Success,Spotlight,US,ART ILLUSTRATION,327.0,the United States,en,English,Kingdom Hearts chibi chains,Your favorite trios are available to collect as adorable two sided key chains  stickers  or both   End date  12 00 am PST  September 25,1.0,2.0
ART,ILLUSTRATION,SUCCESSFUL,17,403.483751,418.3686333778,True,False,BC,1585584085,2020-03-30 16:01:25,1583856036,2020-03-10 16:00:36,1585584036,2020-03-30 16:00:36,20.0,True,Success,Spotlight,CA,ART ILLUSTRATION,418.3686333778,Canada,en,English,Memories in Time - Zelda inspired pins,a tattoo themed enamel pin collection inspired by the iconic Ocarina of Time,1.0,2.0
ART,ILLUSTRATION,SUCCESSFUL,19,500.0,542.0,True,False,FL,1580711862,2020-02-03 06:37:42,1578119862,2020-01-04 06:37:42,1580711862,2020-02-03 06:37:42,30.0,True,Success,Spotlight,US,ART ILLUSTRATION,542.0,the United States,en,English,Oracle Animal Cards Enamel Pins,6 Oracle Animal Cards Enamel Pins Including  The Rat  The Unicorn  The Owl  The Cat  The Snake and The Crow,2.0,2.0
ART,DIGITAL ART,SUCCESSFUL,27,330.0,680.0,True,False,CA,1580975940,2020-02-06 07:59:00,1579248001,2020-01-17 08:00:01,1580975940,2020-02-06 07:59:00,20.0,True,Success,Spotlight,US,ART DIGITAL ART,680.0,the United States,en,English,Mini Moo Hard Enamel Pin and Vinyl Sticker,Show your love for Mamamoo (or radishes lol) with this cute radish enamel pin and vinyl sticker ,1.0,2.0
ART,DIGITAL ART,FAILED,11,1000.0,703.0,False,False,MI,1596646898,2020-08-05 17:01:38,1594054887,2020-07-06 17:01:27,1596646887,2020-08-05 17:01:27,30.0,False,Failed,None,US,ART DIGITAL ART,0.0,the United States,en,English,Girls  Frontline cat charms ,Carry your favorite T-Doll around with you  but as a cute cat  Don t worry commander  they re well behaved (for the most part),3.0,3.0
ART,DIGITAL ART,SUCCESSFUL,34,300.0,1000.12,True,False,CA,1584925201,2020-03-23 01:00:01,1582336801,2020-02-22 02:00:01,1584925201,2020-03-23 01:00:01,30.0,True,Success,Spotlight,US,ART DIGITAL ART,1000.12,the United States,en,English,Echo s Shirt Kickstarter,I m making a shirt  And I need you to buy one ,1.0,3.0
ART,PUBLIC ART,SUCCESSFUL,11,1000.0,1115.0,True,False,CA,1577937600,2020-01-02 04:00:00,1576097414,2019-12-11 20:50:14,1577937600,2020-01-02 04:00:00,21.0,True,Success,Spotlight,US,ART PUBLIC ART,1115.0,the United States,en,English,L U P E R C A L mobile art platform,Transforming a Rusty Old Trailer into an Open Art Gallery,3.0,3.0
ART,ILLUSTRATION,SUCCESSFUL,75,229.575615,1402.9289307445001,True,False,BC,1601751563,2020-10-03 18:59:23,1599159563,2020-09-03 18:59:23,1601751563,2020-10-03 18:59:23,30.0,True,Success,Spotlight,CA,ART ILLUSTRATION,1402.9289307445001,Canada,en,English,Corgi Enamel Pins,A set of corgeous pins inspired by all the corgis around ,1.0,3.0
ART,DIGITAL ART,SUCCESSFUL,62,450.0,1632.0,True,False,VA,1581094815,2020-02-07 17:00:15,1579021215,2020-01-14 17:00:15,1581094815,2020-02-07 17:00:15,24.0,True,Success,Spotlight,US,ART DIGITAL ART,1632.0,the United States,en,English,BOTW Hard Enamel Pins,Enamel pins based on the two vital stat upgrades in BoTW ,2.0,4.0
ART,ILLUSTRATION,SUCCESSFUL,36,800.0,1671.0,True,False,SC,1583787607,2020-03-09 21:00:07,1581199207,2020-02-08 22:00:07,1583787607,2020-03-09 21:00:07,30.0,True,Success,Spotlight,US,ART ILLUSTRATION,1671.0,the United States,en,English,Sailor Moon Pinups Inspired Enamel Pins,Sailor Moon Inspired enamel pins,2.0,4.0
ART,ILLUSTRATION,SUCCESSFUL,98,100.0,1692.0,True,False,GA,1588980600,2020-05-08 23:30:00,1588268190,2020-04-30 17:36:30,1588980600,2020-05-08 23:30:00,8.0,True,Success,Spotlight,US,ART ILLUSTRATION,1692.0,the United States,en,English,The Mystery Deck  A 24-Card Oracle Deck,A pocket-sized  24- coin  oracle deck  inspired by Gravity Falls ,1.0,4.0
ART,ILLUSTRATION,SUCCESSFUL,51,460.0,1937.0,True,False,CT,1582570800,2020-02-24 19:00:00,1580151588,2020-01-27 18:59:48,1582570800,2020-02-24 19:00:00,28.0,True,Success,Spotlight,US,ART ILLUSTRATION,1937.0,the United States,en,English,Magical Medallions  Campus Pride Enamel Pins,A Harry Potter inspired Magical Medallion  Campus Pride enamel pin set  The second set to go with my original Magical Medallions ,2.0,4.0
ART,PUBLIC ART,FAILED,55,10000.0,2691.0,False,True,OR,1589559145,2020-05-15 16:12:25,1586362345,2020-04-08 16:12:25,1589559145,2020-05-15 16:12:25,37.0,False,Failed,StaffPick,US,ART PUBLIC ART,0.0,the United States,en,English,Positive Propaganda  Making the world a more positive place ,We practice radical placemaking by putting positive messages into the built environment within cities all over the world ,7.0,5.0
ART,TEXTILES,SUCCESSFUL,83,1100.0,3742.0,True,False,AK,1595811600,2020-07-27 01:00:00,1593733975,2020-07-02 23:52:55,1595811600,2020-07-27 01:00:00,24.0,True,Success,Spotlight,US,ART TEXTILES,3742.0,the United States,en,English,War in the Stars - Hard Enamel Pins,A collection of fandom fantasy hard enamel pins inspired by the Star Wars Universe and creatures ,3.0,5.0
ART,ILLUSTRATION,SUCCESSFUL,82,125.0,3794.0,True,False,WA,1599840194,2020-09-11 16:03:14,1597248194,2020-08-12 16:03:14,1599840194,2020-09-11 16:03:14,30.0,True,Success,Spotlight,US,ART ILLUSTRATION,3794.0,the United States,en,English,NIGHT OF THE LIVING DEAD & THE LAST MAN ON EARTH promo cards,Drive-In Double Feature  NIGHT OF THE LIVING DEAD™ (1968) and THE LAST MAN ON EARTH (1964) promo cards from RJF Image/Design ,1.0,5.0
ART,ILLUSTRATION,SUCCESSFUL,112,382.753435,4107.1663545423,True,False,NB,1581343215,2020-02-10 14:00:15,1578751214,2020-01-11 14:00:14,1581343214,2020-02-10 14:00:14,30.0,True,Success,Spotlight,CA,ART ILLUSTRATION,4107.1663545423,Canada,en,English,Fairy Tale Heroines,A series of enamel pins featuring heroines from fairy tales  folklore  and myths ,1.0,6.0
ART,ILLUSTRATION,SUCCESSFUL,85,666.0,5479.0,True,False,FL,1593057540,2020-06-25 03:59:00,1590422475,2020-05-25 16:01:15,1593057540,2020-06-25 03:59:00,30.0,True,Success,Spotlight,US,ART ILLUSTRATION,5479.0,the United States,en,English,Horrible Ugly Monsters Trading Cards THE SET & WAX BOXES,A trading card series of Horrible Ugly Monsters  resurrected from the grave and brought back to life to Thrill & Chill collectors ,2.0,6.0
ART,ILLUSTRATION,SUCCESSFUL,57,5000.0,5627.0,True,False,GA,1593605260,2020-07-01 12:07:40,1591013260,2020-06-01 12:07:40,1593605260,2020-07-01 12:07:40,30.0,True,Success,Spotlight,US,ART ILLUSTRATION,5627.0,the United States,en,English,The Hero,A children s book in full color   It is written and illustrated by me ,6.0,6.0
ART,ILLUSTRATION,SUCCESSFUL,208,400.0,6573.0,True,False,CA,1583866800,2020-03-10 19:00:00,1582477126,2020-02-23 16:58:46,1583866800,2020-03-10 19:00:00,16.0,True,Success,Spotlight,US,ART ILLUSTRATION,6573.0,the United States,en,English,Stardew Valley Pals Hard Enamel Pins,A cute Stardew Valley farm friends hard enamel pins series ,1.0,7.0
ART,CERAMICS,SUCCESSFUL,169,1000.0,12198.0,True,False,NV,1596151620,2020-07-30 23:27:00,1594486866,2020-07-11 17:01:06,1596151620,2020-07-30 23:27:00,19.0,True,Success,Spotlight,US,ART CERAMICS,12198.0,the United States,en,English,Rummy Mummy Tiki Mugs by Biggs Tiki,Two exceptionally creepy and incredibly cool Tiki Mugs  our first ever ,3.0,8.0
ART,SOCIAL PRACTICE,SUCCESSFUL,111,27000.0,27541.0,True,True,NY,1595427030,2020-07-22 14:10:30,1590243030,2020-05-23 14:10:30,1595427030,2020-07-22 14:10:30,60.0,True,Success,Both,US,ART SOCIAL PRACTICE,27541.0,the United States,en,English,BEVERLY S - So We Can See You Soon,Help Beverly s get through this time  and to have the resources to adapt to this new climate - so that we can reopen and serve you ,9.0,9.0
ART,ILLUSTRATION,SUCCESSFUL,1674,50000.0,131197.0,True,True,CO,1605196447,2020-11-12 15:54:07,1602600847,2020-10-13 14:54:07,1605196447,2020-11-12 15:54:07,30.0,True,Success,Both,US,ART ILLUSTRATION,131197.0,the United States,en,English,Silver and Gold   The Normal Tarot,Reprint of the original Normal Tarot with silver foil  and the introduction of the gold foil Normal Tarot 2 ,9.0,10.0
