category,subcategory,state,backers_count,goal,pledged,spotlight,staff_pick,state_loc,state_change_at_unix,state_changed_at, launched_at_unix,launched_at,deadline_unix,deadline,durationdays,projectsuccessb,projectsuccess,features,country,fullcategory,actualpledged,country_displayable_name,language,languagename,name,blurb,goalgroup,pledgedgroup
COMICS,COMIC BOOKS,SUCCESSFUL,12,250.0,321.0,True,False,NY,1603756445,2020-10-26 23:54:05,1598572445,2020-08-27 23:54:05,1603756445,2020-10-26 23:54:05,60.0,True,Success,Spotlight,US,COMICS COMIC BOOKS,321.0,the United States,en,English,Undercover Super Villain,A 13-year-old nerd goes undercover as a super villain to figure out who is the mole in the Hero Brigade Force ,1.0,2.0
COMICS,COMIC BOOKS,SUCCESSFUL,21,500.0,554.0,True,False,CA,1593015184,2020-06-24 16:13:04,1590423184,2020-05-25 16:13:04,1593015184,2020-06-24 16:13:04,30.0,True,Success,Spotlight,US,COMICS COMIC BOOKS,554.0,the United States,en,English,Kich & Bleus Comics - Issue  1 - A comic for the Weird kids,Kich & Bleus  1 is a full-colored 18-page comic book about the main characters Kich and Bleus and the adventures they get into  All Age,2.0,2.0
COMICS,GRAPHIC NOVELS,FAILED,7,5000.0,689.0,False,True,NJ,1585541720,2020-03-30 04:15:20,1582348520,2020-02-22 05:15:20,1585541720,2020-03-30 04:15:20,37.0,False,Failed,StaffPick,US,COMICS GRAPHIC NOVELS,0.0,the United States,en,English,How to Cuss at Anyone,A graphic novel about teenagers  slang  art class  crushes  zines  conspiracy and rebellion  Wicked sense of humor throughout ,6.0,3.0
COMICS,COMIC BOOKS,SUCCESSFUL,63,100.0,876.0,True,False,MI,1596081884,2020-07-30 04:04:44,1595217884,2020-07-20 04:04:44,1596081884,2020-07-30 04:04:44,10.0,True,Success,Spotlight,US,COMICS COMIC BOOKS,876.0,the United States,en,English,Rumble Kings  1 &  2 Catch Up ,Your chance to catch up on Rumble Kings  1 &  2 ,1.0,3.0
COMICS,COMIC BOOKS,SUCCESSFUL,33,800.0,903.0,True,False,IN,1577822698,2019-12-31 20:04:58,1575230698,2019-12-01 20:04:58,1577822698,2019-12-31 20:04:58,30.0,True,Success,Spotlight,US,COMICS COMIC BOOKS,903.0,the United States,en,English,Freedom Fighter  UNITY Reborn  Part One,UNITY REBORN  Part One -  It s the Milestone 10th Issue for our comic book series ,2.0,3.0
COMICS,COMIC BOOKS,SUCCESSFUL,32,1000.0,1000.95,True,False,NE,1597331940,2020-08-13 15:19:00,1592365854,2020-06-17 03:50:54,1597331940,2020-08-13 15:19:00,57.0,True,Success,Spotlight,US,COMICS COMIC BOOKS,1000.95,the United States,en,English,Lenny Vernon  Badass Trucker and The Colty Saga,OMUG brings you the Colty Saga  Issues 9 10  and 11 of Lenny Vernon  Badass Trucker will be released at the end of 2020 ,3.0,3.0
COMICS,COMIC BOOKS,SUCCESSFUL,79,750.0,1386.0,True,False,WA,1594076429,2020-07-06 23:00:29,1592780429,2020-06-21 23:00:29,1594076429,2020-07-06 23:00:29,15.0,True,Success,Spotlight,US,COMICS COMIC BOOKS,1386.0,the United States,en,English,The Middle Ground Issue 1,Native American and European demons fight for control of the New World,2.0,3.0
COMICS,COMIC BOOKS,SUCCESSFUL,71,2000.0,2174.0,True,True,VA,1599786000,2020-09-11 01:00:00,1597636953,2020-08-17 04:02:33,1599786000,2020-09-11 01:00:00,25.0,True,Success,Both,US,COMICS COMIC BOOKS,2174.0,the United States,en,English,Six-Petal Pyramid Chapter Two,She found a mummy  Now  what  The suspenseful webcomic s second chapter comes to print  But  ultimately  this is a romance   ,4.0,4.0
COMICS,COMIC BOOKS,SUCCESSFUL,38,2000.0,2462.0,True,False,CO,1586489160,2020-04-10 03:26:00,1583841661,2020-03-10 12:01:01,1586489160,2020-04-10 03:26:00,31.0,True,Success,Spotlight,US,COMICS COMIC BOOKS,2462.0,the United States,en,English,Sheath Issue  8,The 8th issue in the ongoing Sheath Comics series ,4.0,4.0
COMICS,COMIC BOOKS,SUCCESSFUL,86,2088.322628,2610.6195755579,True,False,NL,1604160120,2020-10-31 16:02:00,1601568091,2020-10-01 16:01:31,1604160091,2020-10-31 16:01:31,30.0,True,Success,Spotlight,CA,COMICS COMIC BOOKS,2610.6195755579,Canada,en,English,DARK   SANCTUARY,Sandstone Comics goes dark with their first foray into horror   ,4.0,4.0
COMICS,COMIC BOOKS,SUCCESSFUL,68,1000.0,2758.0,True,False,VA,1593096213,2020-06-25 14:43:33,1590504212,2020-05-26 14:43:32,1593096212,2020-06-25 14:43:32,30.0,True,Success,Spotlight,US,COMICS COMIC BOOKS,2758.0,the United States,en,English,Nothing-man  5 - SECOND CHANCE CAMPAIGN   ,Supremous becomes even more powerful  Chaotika is off the hook  and Nothing-man finally remembers everything    2nd chance campaign ,3.0,5.0
COMICS,COMIC BOOKS,SUCCESSFUL,55,1200.0,3000.0,True,False,NV,1602814628,2020-10-16 02:17:08,1598926628,2020-09-01 02:17:08,1602814628,2020-10-16 02:17:08,45.0,True,Success,Spotlight,US,COMICS COMIC BOOKS,3000.0,the United States,en,English,ELECTION YEAR  0 - Introducing BOLT & CO,An introduction to your newest favorite characters from the BOLTverse  BOLT & CO s Election Year series is just the beginning for them,3.0,5.0
COMICS,COMIC BOOKS,SUCCESSFUL,140,500.0,3077.0,True,False,VA,1599656402,2020-09-09 13:00:02,1597064402,2020-08-10 13:00:02,1599656402,2020-09-09 13:00:02,30.0,True,Success,Spotlight,US,COMICS COMIC BOOKS,3077.0,the United States,en,English,The Pits  1   Brutal and Action-packed gladiator series,An action packed fantasy tale centered around a girl s tragic loss of her family and her bloody journey toward revenge ,2.0,5.0
COMICS,COMIC BOOKS,SUCCESSFUL,120,2000.0,3171.0,True,False,WA,1599980340,2020-09-13 06:59:00,1597411343,2020-08-14 13:22:23,1599980340,2020-09-13 06:59:00,30.0,True,Success,Spotlight,US,COMICS COMIC BOOKS,3171.0,the United States,en,English,Kinetic  Identities  1 - An action packed superhero comic ,A single issue follow up to the superhero series  KINETIC   Johnny developed powers  beat the bad guy  and got the girl - Now what  ,4.0,5.0
COMICS,COMIC BOOKS,SUCCESSFUL,107,1500.0,3235.0,True,False,OR,1599145408,2020-09-03 15:03:28,1595689408,2020-07-25 15:03:28,1599145408,2020-09-03 15:03:28,40.0,True,Success,Spotlight,US,COMICS COMIC BOOKS,3235.0,the United States,en,English,SPIs Among Us - Issue  1,An epic superhero mystery  First issue in an ongoing comic series with exciting new twists on a beloved genre ,3.0,5.0
COMICS,COMIC BOOKS,SUCCESSFUL,94,1300.0,3329.0,True,True,IN,1601955032,2020-10-06 03:30:32,1598931032,2020-09-01 03:30:32,1601955032,2020-10-06 03:30:32,35.0,True,Success,Both,US,COMICS COMIC BOOKS,3329.0,the United States,en,English,VOID BEAST CHAPTER 2   TRAINING GROUND  Void Beast Vol 1,The story of a werewolf begat of the primordial darkness that God split in two form day & night,3.0,5.0
COMICS,COMIC BOOKS,SUCCESSFUL,108,555.0,3423.0,True,False,NV,1597681815,2020-08-17 16:30:15,1597077015,2020-08-10 16:30:15,1597681815,2020-08-17 16:30:15,7.0,True,Success,Spotlight,US,COMICS COMIC BOOKS,3423.0,the United States,en,English,Everette Hartsoe s SUPERNATURAL COMICS  1 Horror Anthology,Indie comics maverick Everette Hartsoe teams up with horror screenwriter Dan Wilder to bombard the senses with adult comics,2.0,5.0
COMICS,COMIC BOOKS,SUCCESSFUL,108,1500.0,3643.0,True,False,GA,1603863395,2020-10-28 05:36:35,1599975395,2020-09-13 05:36:35,1603863395,2020-10-28 05:36:35,45.0,True,Success,Spotlight,US,COMICS COMIC BOOKS,3643.0,the United States,en,English,Kerra Prime Handbook,A comic book universe handbook for Kerra Prime ,3.0,5.0
COMICS,GRAPHIC NOVELS,SUCCESSFUL,114,4672.688929999998,5039.5237660138,True,True,BC,1591939800,2020-06-12 05:30:00,1589302780,2020-05-12 16:59:40,1591939800,2020-06-12 05:30:00,31.0,True,Success,Both,CA,COMICS GRAPHIC NOVELS,5039.5237660138,Canada,en,English,Halfsoul  Part 2 Nalia (Part 1  Tale available),A fantasy graphic novel about anxiety  invisible disabilities and resilience ,6.0,6.0
COMICS,ANTHOLOGIES,SUCCESSFUL,180,2500.0,5397.0,True,False,MA,1581261693,2020-02-09 15:21:33,1578669693,2020-01-10 15:21:33,1581261693,2020-02-09 15:21:33,30.0,True,Success,Spotlight,US,COMICS ANTHOLOGIES,5397.0,the United States,en,English,Make 100  Weird Futures,A Short Sci-Fi Risograph Anthology,4.0,6.0
COMICS,ANTHOLOGIES,FAILED,199,25335.0,6302.0,False,True,WA,1588564740,2020-05-04 03:59:00,1585670408,2020-03-31 16:00:08,1588564740,2020-05-04 03:59:00,33.0,False,Failed,StaffPick,US,COMICS ANTHOLOGIES,0.0,the United States,en,English,KITH + KIN  An Anthology,Ancient demons  ghosts  and golems come to life in this supernatural comics anthology that unearths what lies beneath the family tree ,9.0,7.0
COMICS,GRAPHIC NOVELS,SUCCESSFUL,199,5000.0,6375.0,True,False,TX,1593723279,2020-07-02 20:54:39,1591908879,2020-06-11 20:54:39,1593723279,2020-07-02 20:54:39,21.0,True,Success,Spotlight,US,COMICS GRAPHIC NOVELS,6375.0,the United States,en,English,Rise of the Hunters  Volume one,Supernatural/Action original english Light Novel series,6.0,7.0
COMICS,GRAPHIC NOVELS,SUCCESSFUL,182,4000.0,6805.0,True,False,CA,1580716740,2020-02-03 07:59:00,1579228836,2020-01-17 02:40:36,1580716740,2020-02-03 07:59:00,17.0,True,Success,Spotlight,US,COMICS GRAPHIC NOVELS,6805.0,the United States,en,English,ONE-HIT WONDER  TAKE TWO ,More than just a diverse crime comedy graphic novel  a chance to help and promote an entire new wave of content from indie creators ,5.0,7.0
COMICS,GRAPHIC NOVELS,SUCCESSFUL,212,7000.0,7586.0,True,True,NV,1583996340,2020-03-12 06:59:00,1581029398,2020-02-06 22:49:58,1583996340,2020-03-12 06:59:00,34.0,True,Success,Both,US,COMICS GRAPHIC NOVELS,7586.0,the United States,en,English,Mary Shelley Presents  the Trade Paperback,Ghosts  shapechangers and ancient curses -- Mary Shelley and her creature present horror stories written by women of the Victorian era ,7.0,7.0
COMICS,ANTHOLOGIES,SUCCESSFUL,250,6500.0,8288.0,True,True,VA,1605297601,2020-11-13 20:00:01,1602777618,2020-10-15 16:00:18,1605297600,2020-11-13 20:00:00,29.0,True,Success,Both,US,COMICS ANTHOLOGIES,8288.0,the United States,en,English,Threads  Secret Places,Our anthology of short comics about secret places  fantastic and mundane ,7.0,7.0
COMICS,COMIC BOOKS,SUCCESSFUL,265,7500.0,8487.0,True,False,IL,1587573388,2020-04-22 16:36:28,1584981388,2020-03-23 16:36:28,1587573388,2020-04-22 16:36:28,30.0,True,Success,Spotlight,US,COMICS COMIC BOOKS,8487.0,the United States,en,English,The Catch 1–2 (comic),Elmore Leonard meets Gotham Central in a fast-paced  character-driven comic ,7.0,7.0
COMICS,GRAPHIC NOVELS,SUCCESSFUL,230,4000.0,10207.0,True,False,IL,1596517345,2020-08-04 05:02:25,1593579745,2020-07-01 05:02:25,1596517345,2020-08-04 05:02:25,34.0,True,Success,Spotlight,US,COMICS GRAPHIC NOVELS,10207.0,the United States,en,English,FOOT FIST FRANKENSTEIN  A Monster Martial Arts Revenge Comic,Foot Fist Frankenstein is a 120 page hardcover Martial Arts story of revenge  and cool monster action all in one awesome Graphic Novel,5.0,8.0
COMICS,COMIC BOOKS,SUCCESSFUL,207,500.0,12283.0,True,True,CA,1605848340,2020-11-20 04:59:00,1604940556,2020-11-09 16:49:16,1605848340,2020-11-20 04:59:00,11.0,True,Success,Both,US,COMICS COMIC BOOKS,12283.0,the United States,en,English,Sam Kieth s 2021 Maxx Calendar,2021 Twelve Month Calendar Featuring THE MAXX Art by Creator Sam Kieth ,2.0,8.0
COMICS,COMIC BOOKS,SUCCESSFUL,281,2000.0,12491.0,True,False,PA,1602691131,2020-10-14 15:58:51,1600099129,2020-09-14 15:58:49,1602691129,2020-10-14 15:58:49,30.0,True,Success,Spotlight,US,COMICS COMIC BOOKS,12491.0,the United States,en,English,Konkret Comics Presents Genesis  Year Two,Konkret Comics has returned  Akolyte  Odina and Absolver make a glorious comeback  and a new hero  Andy Starboy  joins our universe ,4.0,8.0
COMICS,COMIC BOOKS,SUCCESSFUL,284,4000.0,14274.0,True,False,NV,1589475654,2020-05-14 17:00:54,1586883654,2020-04-14 17:00:54,1589475654,2020-05-14 17:00:54,30.0,True,Success,Spotlight,US,COMICS COMIC BOOKS,14274.0,the United States,en,English,A Weekend Alone  Impact Zone,An adult comic book about shrunken people struggling to survive ,5.0,8.0
COMICS,GRAPHIC NOVELS,SUCCESSFUL,292,5000.0,14804.0,True,False,PA,1605070740,2020-11-11 04:59:00,1603108068,2020-10-19 11:47:48,1605070740,2020-11-11 04:59:00,23.0,True,Success,Spotlight,US,COMICS GRAPHIC NOVELS,14804.0,the United States,en,English,Night Wolf Vol 1  Urban Fantasy Werewolf Coming of Age Drama,A young man discovers that he was born a werewolf and is reluctantly thrown into a supernatural war against a Dark Covenant ,6.0,8.0
COMICS,COMIC BOOKS,SUCCESSFUL,265,2700.0,15098.0,True,False,IL,1594774800,2020-07-15 01:00:00,1593312288,2020-06-28 02:44:48,1594774800,2020-07-15 01:00:00,17.0,True,Success,Spotlight,US,COMICS COMIC BOOKS,15098.0,the United States,en,English,WARRIOR NUN GRAPHIC NOVEL,Warrior Nun  now a Netflix original series  re-launches with WARRIOR NUN DORA for readers of all kinds with a new Nun and new attitude ,5.0,8.0
