category,subcategory,state,backers_count,goal,pledged,spotlight,staff_pick,state_loc,state_change_at_unix,state_changed_at, launched_at_unix,launched_at,deadline_unix,deadline,durationdays,projectsuccessb,projectsuccess,features,country,fullcategory,actualpledged,country_displayable_name,language,languagename,name,blurb,goalgroup,pledgedgroup
ART,ILLUSTRATION,SUCCESSFUL,17,403.483751,418.3686333778,True,False,BC,1585584085,2020-03-30 16:01:25,1583856036,2020-03-10 16:00:36,1585584036,2020-03-30 16:00:36,20.0,True,Success,Spotlight,CA,ART ILLUSTRATION,418.3686333778,Canada,en,English,Memories in Time - Zelda inspired pins,a tattoo themed enamel pin collection inspired by the iconic Ocarina of Time,1.0,2.0
DESIGN,PRODUCT DESIGN,SUCCESSFUL,22,267.563233,463.4883215302,True,False,ON,1600041600,2020-09-14 00:00:00,1599547066,2020-09-08 06:37:46,1600041600,2020-09-14 00:00:00,6.0,True,Success,Spotlight,CA,DESIGN PRODUCT DESIGN,463.4883215302,Canada,en,English,Butts and Bats Enamel Pins,Halloween and booty themed enamel pins,1.0,2.0
ART,DIGITAL ART,SUCCESSFUL,27,330.0,680.0,True,False,CA,1580975940,2020-02-06 07:59:00,1579248001,2020-01-17 08:00:01,1580975940,2020-02-06 07:59:00,20.0,True,Success,Spotlight,US,ART DIGITAL ART,680.0,the United States,en,English,Mini Moo Hard Enamel Pin and Vinyl Sticker,Show your love for Mamamoo (or radishes lol) with this cute radish enamel pin and vinyl sticker ,1.0,2.0
FASHION,ACCESSORIES,SUCCESSFUL,33,550.0,765.0,True,False,AZ,1604610320,2020-11-05 21:05:20,1602014719,2020-10-06 20:05:19,1604610319,2020-11-05 21:05:19,30.0,True,Success,Spotlight,US,FASHION ACCESSORIES,765.0,the United States,en,English,Baby Fantasy Creature Enamel Pins,A collection of hard enamel pins featuring baby fantasy animals - Dragon  Unicorn  and Griffon,2.0,3.0
FASHION,ACCESSORIES,SUCCESSFUL,38,500.0,795.0,True,False,AZ,1583593254,2020-03-07 15:00:54,1582297254,2020-02-21 15:00:54,1583593254,2020-03-07 15:00:54,15.0,True,Success,Spotlight,US,FASHION ACCESSORIES,795.0,the United States,en,English,Whale Family  Enamel Pin Set,A mother humpback whale and it’s calf  together as an enamel pin set  Whales ,2.0,3.0
DESIGN,PRODUCT DESIGN,SUCCESSFUL,51,450.0,1088.0,True,False,NY,1594602000,2020-07-13 01:00:00,1592586024,2020-06-19 17:00:24,1594602000,2020-07-13 01:00:00,23.0,True,Success,Spotlight,US,DESIGN PRODUCT DESIGN,1088.0,the United States,en,English,Furbs and Friends  An Enamel Pin Campaign,An enamel pin series inspired by 90s toys,2.0,3.0
FASHION,ACCESSORIES,SUCCESSFUL,46,590.0,1551.0,True,False,VA,1605706189,2020-11-18 13:29:49,1603110589,2020-10-19 12:29:49,1605706189,2020-11-18 13:29:49,30.0,True,Success,Spotlight,US,FASHION ACCESSORIES,1551.0,the United States,en,English,Burning Up/Growing Back  Enamel Pins,Two enamel pins of death and rebirth featuring a burning stag and floral doe ,2.0,4.0
ART,ILLUSTRATION,SUCCESSFUL,36,800.0,1671.0,True,False,SC,1583787607,2020-03-09 21:00:07,1581199207,2020-02-08 22:00:07,1583787607,2020-03-09 21:00:07,30.0,True,Success,Spotlight,US,ART ILLUSTRATION,1671.0,the United States,en,English,Sailor Moon Pinups Inspired Enamel Pins,Sailor Moon Inspired enamel pins,2.0,4.0
FASHION,ACCESSORIES,SUCCESSFUL,63,400.0,1907.0,True,False,CT,1585841956,2020-04-02 15:39:16,1583253556,2020-03-03 16:39:16,1585841956,2020-04-02 15:39:16,30.0,True,Success,Spotlight,US,FASHION ACCESSORIES,1907.0,the United States,en,English,The Disney Ride Vehicle Pin Project ,Climb onboard with enamel pins of your favorite Disney theme park ride vehicles ,1.0,4.0
ART,ILLUSTRATION,SUCCESSFUL,51,460.0,1937.0,True,False,CT,1582570800,2020-02-24 19:00:00,1580151588,2020-01-27 18:59:48,1582570800,2020-02-24 19:00:00,28.0,True,Success,Spotlight,US,ART ILLUSTRATION,1937.0,the United States,en,English,Magical Medallions  Campus Pride Enamel Pins,A Harry Potter inspired Magical Medallion  Campus Pride enamel pin set  The second set to go with my original Magical Medallions ,2.0,4.0
FASHION,ACCESSORIES,SUCCESSFUL,53,1500.0,2008.0,True,False,NJ,1589060506,2020-05-09 21:41:46,1587764506,2020-04-24 21:41:46,1589060506,2020-05-09 21:41:46,15.0,True,Success,Spotlight,US,FASHION ACCESSORIES,2008.0,the United States,en,English,Make 100   Limited Edition  Rising Phoenix  Jumbo Enamel Pin,A limited edition giant showpiece of an enamel pin - the Phoenix rises from the flames with gemstone eye and a glittering tail ,3.0,4.0
FASHION,APPAREL,SUCCESSFUL,109,350.0,3305.0,True,False,TN,1581274801,2020-02-09 19:00:01,1578682801,2020-01-10 19:00:01,1581274801,2020-02-09 19:00:01,30.0,True,Success,Spotlight,US,FASHION APPAREL,3305.0,the United States,en,English,Certified Magical Girl Beanies,Certified Magical Girl Beanies based off my enamel pin series  Sailor Moon  & all things magical  pastel  & kawaii   ♡,1.0,5.0
ART,TEXTILES,SUCCESSFUL,83,1100.0,3742.0,True,False,AK,1595811600,2020-07-27 01:00:00,1593733975,2020-07-02 23:52:55,1595811600,2020-07-27 01:00:00,24.0,True,Success,Spotlight,US,ART TEXTILES,3742.0,the United States,en,English,War in the Stars - Hard Enamel Pins,A collection of fandom fantasy hard enamel pins inspired by the Star Wars Universe and creatures ,3.0,5.0
ART,ILLUSTRATION,SUCCESSFUL,112,382.753435,4107.1663545423,True,False,NB,1581343215,2020-02-10 14:00:15,1578751214,2020-01-11 14:00:14,1581343214,2020-02-10 14:00:14,30.0,True,Success,Spotlight,CA,ART ILLUSTRATION,4107.1663545423,Canada,en,English,Fairy Tale Heroines,A series of enamel pins featuring heroines from fairy tales  folklore  and myths ,1.0,6.0
ART,ILLUSTRATION,SUCCESSFUL,208,400.0,6573.0,True,False,CA,1583866800,2020-03-10 19:00:00,1582477126,2020-02-23 16:58:46,1583866800,2020-03-10 19:00:00,16.0,True,Success,Spotlight,US,ART ILLUSTRATION,6573.0,the United States,en,English,Stardew Valley Pals Hard Enamel Pins,A cute Stardew Valley farm friends hard enamel pins series ,1.0,7.0
DESIGN,GRAPHIC DESIGN,SUCCESSFUL,338,300.0,10552.0,True,False,IN,1595764868,2020-07-26 12:01:08,1593604868,2020-07-01 12:01:08,1595764868,2020-07-26 12:01:08,25.0,True,Success,Spotlight,US,DESIGN GRAPHIC DESIGN,10552.0,the United States,en,English,SUMMERWEEN (Halloween in July) Pastel Goth Pin Collection,A fun and spooky collection of high-quality enamel pins for the summer goth and pastel ghoul ,1.0,8.0
