category,subcategory,state,backers_count,goal,pledged,spotlight,staff_pick,state_loc,state_change_at_unix,state_changed_at, launched_at_unix,launched_at,deadline_unix,deadline,durationdays,projectsuccessb,projectsuccess,features,country,fullcategory,actualpledged,country_displayable_name,language,languagename,name,blurb,goalgroup,pledgedgroup
TECHNOLOGY,SOFTWARE,FAILED,1,12500.0,1.0,False,False,NY,1598991600,2020-09-01 20:20:00,1597079744,2020-08-10 17:15:44,1598991600,2020-09-01 20:20:00,22.0,False,Failed,None,US,TECHNOLOGY SOFTWARE,0.0,the United States,en,English,HireBeat - AI powered Interview Training & Feedback Platform,HireBeat supercharges your performance and helps you to show a well-rounded view so you can make a great impression and land next job ,8.0,1.0
TECHNOLOGY,SOFTWARE,FAILED,1,138900.0,1.0,False,False,NY,1585844543,2020-04-02 16:22:23,1580664143,2020-02-02 17:22:23,1585844543,2020-04-02 16:22:23,60.0,False,Failed,None,US,TECHNOLOGY SOFTWARE,0.0,the United States,en,English,Cybersports XR Esports Platform,We re building an athletically realistic next-generation AR/VR esports platform that will revolutionize sports entertainment & training,10.0,1.0
TECHNOLOGY,3D PRINTING,FAILED,2,10000.0,11.0,False,False,CA,1591238052,2020-06-04 02:34:12,1588646052,2020-05-05 02:34:12,1591238052,2020-06-04 02:34:12,30.0,False,Failed,None,US,TECHNOLOGY 3D PRINTING,0.0,the United States,en,English,(FTP) Free of Touching Pee,Free of Touching Pee  This is a portable tool for personal hygiene and too be respectful to other,7.0,1.0
TECHNOLOGY,GADGETS,FAILED,2,100000.0,26.0,False,False,CA,1595534302,2020-07-23 19:58:22,1591646298,2020-06-08 19:58:18,1595534298,2020-07-23 19:58:18,45.0,False,Failed,None,US,TECHNOLOGY GADGETS,0.0,the United States,en,English,Phone Wireless Charger,Portable wireless phone charger with a variety of covers,10.0,1.0
TECHNOLOGY,SPACE EXPLORATION,FAILED,2,30000.0,36.0,False,False,NY,1578347259,2020-01-06 21:47:39,1573163259,2019-11-07 21:47:39,1578347259,2020-01-06 21:47:39,60.0,False,Failed,None,US,TECHNOLOGY SPACE EXPLORATION,0.0,the United States,en,English,Bounce Social Media,Travel Companion Application  Event Tracking  and electronic ticketing ,9.0,1.0
TECHNOLOGY,APPS,FAILED,7,21600.0,124.0,False,False,TX,1588940352,2020-05-08 12:19:12,1583756351,2020-03-09 12:19:11,1588940351,2020-05-08 12:19:11,60.0,False,Failed,None,US,TECHNOLOGY APPS,0.0,the United States,en,English,How Funny Are You  - Check your HumorQ,I created an app called HumorQ   It s a fun and scientific way to put a number on how funny you are ,9.0,2.0
TECHNOLOGY,APPS,FAILED,3,15000.0,161.0,False,False,MD,1580998057,2020-02-06 14:07:37,1575814057,2019-12-08 14:07:37,1580998057,2020-02-06 14:07:37,60.0,False,Failed,None,US,TECHNOLOGY APPS,0.0,the United States,en,English,GoalGetter,GoalGetter is an app that gives students points for getting good grades that can be traded in for rewards ,8.0,2.0
TECHNOLOGY,GADGETS,FAILED,8,2432.36294,230.23357668360003,False,False,ON,1589119720,2020-05-10 14:08:40,1585231720,2020-03-26 14:08:40,1589119720,2020-05-10 14:08:40,45.0,False,Failed,None,CA,TECHNOLOGY GADGETS,0.0,Canada,en,English,SnapButton  Handcrafted Wood Handle  Bluetooth Selfie Button,A Wireless Bluetooth button for apps like Snapchat  Instagram  iOS and Android  Our handle is made out of North American Wood ,4.0,2.0
TECHNOLOGY,HARDWARE,FAILED,10,150000.0,356.0,False,False,NY,1606885140,2020-12-02 04:59:00,1604237158,2020-11-01 13:25:58,1606885140,2020-12-02 04:59:00,31.0,False,Failed,None,US,TECHNOLOGY HARDWARE,0.0,the United States,en,English,Klip 64,Just klip  click  and play ,10.0,2.0
TECHNOLOGY,APPS,FAILED,16,10000.0,886.0,False,False,IL,1592285983,2020-06-16 05:39:43,1589261981,2020-05-12 05:39:41,1592285981,2020-06-16 05:39:41,35.0,False,Failed,None,US,TECHNOLOGY APPS,0.0,the United States,en,English,Your beauty products  on your time,A mobile app to get your hair and cosmetic products delivered in one hour or less ,7.0,3.0
TECHNOLOGY,APPS,FAILED,6,9500.0,951.0,False,False,VA,1581626881,2020-02-13 20:48:01,1577738881,2019-12-30 20:48:01,1581626881,2020-02-13 20:48:01,45.0,False,Failed,None,US,TECHNOLOGY APPS,0.0,the United States,en,English,The Good Stuff App Fostering Positivity Through Social Media,Social media can be a force for good  We at the Good Stuff App are working to make that happen ,7.0,3.0
TECHNOLOGY,HARDWARE,FAILED,12,25000.0,1200.0,False,False,CA,1603958741,2020-10-29 08:05:41,1601366741,2020-09-29 08:05:41,1603958741,2020-10-29 08:05:41,30.0,False,Failed,None,US,TECHNOLOGY HARDWARE,0.0,the United States,en,English,Cinch - The Telescoping Coupling for Prototyping,A simple system to create telescoping poles from electrical conduit ,9.0,3.0
TECHNOLOGY,HARDWARE,SUCCESSFUL,65,1000.0,2025.0,True,False,MA,1606569562,2020-11-28 13:19:22,1603973962,2020-10-29 12:19:22,1606569562,2020-11-28 13:19:22,30.0,True,Success,Spotlight,US,TECHNOLOGY HARDWARE,2025.0,the United States,en,English,PiZ-SuperCap,Resolve Raspberry Pi SD Card Corruption issue using soft Shutdown with a Super Capacitor,3.0,4.0
TECHNOLOGY,APPS,FAILED,9,25000.0,2182.0,False,False,TX,1605518007,2020-11-16 09:13:27,1602922406,2020-10-17 08:13:26,1605518006,2020-11-16 09:13:26,30.0,False,Failed,None,US,TECHNOLOGY APPS,0.0,the United States,en,English,FriendBuks  Achieve Targets  Get Rewarded,The social media app that pays you to achieve your goals ,9.0,4.0
TECHNOLOGY,TECHNOLOGY,SUCCESSFUL,69,2000.0,4927.0,True,False,NY,1581087609,2020-02-07 15:00:09,1578495609,2020-01-08 15:00:09,1581087609,2020-02-07 15:00:09,30.0,True,Success,Spotlight,US,TECHNOLOGY TECHNOLOGY,4927.0,the United States,en,English,Dr relief  3D Neck Contour Pillow with Air & Water Filling,Height Adjustable Neck & Head Support Breathable Pain Relief Design Washable 3D Airbag For All Sleeping Positions,4.0,6.0
TECHNOLOGY,3D PRINTING,SUCCESSFUL,146,915.0,5148.0,True,False,WA,1600909200,2020-09-24 01:00:00,1596146166,2020-07-30 21:56:06,1600909200,2020-09-24 01:00:00,55.0,True,Success,Spotlight,US,TECHNOLOGY 3D PRINTING,5148.0,the United States,en,English,How to Optimize 3D Prints,New Course That Makes It Easy for Anyone to Improve Their 3D Print Quality,3.0,6.0
TECHNOLOGY,GADGETS,SUCCESSFUL,265,692.85857,8414.2754030653,True,False,BC,1587638542,2020-04-23 10:42:22,1585046541,2020-03-24 10:42:21,1587638541,2020-04-23 10:42:21,30.0,True,Success,Spotlight,CA,TECHNOLOGY GADGETS,8414.2754030653,Canada,en,English,Innerneed  World 1st Water & Air Inflatable Shoulder Straps,The world s best shoulder strap with Water & Air Inflatable/Pressure Relief/Hot Relief/Airflow Ventilate/Massage shoulder,2.0,7.0
TECHNOLOGY,GADGETS,SUCCESSFUL,50,9400.0,9770.0,True,False,FL,1602418660,2020-10-11 12:17:40,1598962660,2020-09-01 12:17:40,1602418660,2020-10-11 12:17:40,40.0,True,Success,Spotlight,US,TECHNOLOGY GADGETS,9770.0,the United States,en,English,The GS1-DoorCüb A New Kind Of Door Camera ,An affordable front door security camera    Monitor activity  receive snapshot alerts  Easy installation  No Drilling  No Damage ,7.0,8.0
TECHNOLOGY,GADGETS,SUCCESSFUL,60,10000.0,10405.0,True,False,CA,1584783705,2020-03-21 09:41:45,1580899305,2020-02-05 10:41:45,1584783705,2020-03-21 09:41:45,45.0,True,Success,Spotlight,US,TECHNOLOGY GADGETS,10405.0,the United States,en,English,qico pad  Wireless charging triggers wireless backup to PC,Backup without Unlocking Phone  Wireless & Secure Bidirectional Data Transfer between Phone and Computer without Internet Required ,7.0,8.0
TECHNOLOGY,DIY ELECTRONICS,SUCCESSFUL,167,1250.0,12856.0,True,False,TN,1581511818,2020-02-12 12:50:18,1578919818,2020-01-13 12:50:18,1581511818,2020-02-12 12:50:18,30.0,True,Success,Spotlight,US,TECHNOLOGY DIY ELECTRONICS,12856.0,the United States,en,English,Leviathan-Affordable Aquarium Automation,Monitor & control nearly every aspect of your aquarium using a tiny $14 circuit board ,3.0,8.0
TECHNOLOGY,GADGETS,SUCCESSFUL,72,5000.0,14180.0,True,False,PA,1602255084,2020-10-09 14:51:24,1599058284,2020-09-02 14:51:24,1602255084,2020-10-09 14:51:24,37.0,True,Success,Spotlight,US,TECHNOLOGY GADGETS,14180.0,the United States,en,English,OPTREC   Streaming Unbounded,A Smart Interactive Phone Pod For All Streaming And Photography Purposes,6.0,8.0
TECHNOLOGY,WEARABLES,SUCCESSFUL,144,10000.0,18152.0,True,False,CA,1581080403,2020-02-07 13:00:03,1578488403,2020-01-08 13:00:03,1581080403,2020-02-07 13:00:03,30.0,True,Success,Spotlight,US,TECHNOLOGY WEARABLES,18152.0,the United States,en,English,V-Powerbuds Pro  TWS Earbuds That Tracks Heart Rate & Oxygen,TWS Sport Earbuds   Heart Rate Monitoring   Oxygen & Respiration Rate Tracking   Exercise Feedback   Online & Offline Voice Control,7.0,9.0
TECHNOLOGY,GADGETS,SUCCESSFUL,82,18000.0,18954.0,True,False,IL,1597935929,2020-08-20 15:05:29,1595343929,2020-07-21 15:05:29,1597935929,2020-08-20 15:05:29,30.0,True,Success,Spotlight,US,TECHNOLOGY GADGETS,18954.0,the United States,en,English,The easily refillable one-touch wearable gel sanitizer,The super convenient way to always have gel sanitizer on the go  at home or in the office  Germs have finally met their match ,8.0,9.0
TECHNOLOGY,APPS,SUCCESSFUL,62,20000.0,20430.0,True,False,AZ,1595520351,2020-07-23 16:05:51,1592409951,2020-06-17 16:05:51,1595520351,2020-07-23 16:05:51,36.0,True,Success,Spotlight,US,TECHNOLOGY APPS,20430.0,the United States,en,English,Flexr  Hire local help  find work - or both ,An on-demand local services app  Users post custom jobs at the price they want to pay and providers send offers to fulfill them ,8.0,9.0
TECHNOLOGY,GADGETS,SUCCESSFUL,176,2752.078968,33207.1123096902,True,False,ON,1602590708,2020-10-13 12:05:08,1599566708,2020-09-08 12:05:08,1602590708,2020-10-13 12:05:08,35.0,True,Success,Spotlight,CA,TECHNOLOGY GADGETS,33207.1123096902,Canada,en,English,EPOCH - Learn Arduino Coding & Circuit Design ALL-IN-1    ,The EPOCH is a programmable Arduino based learning center that houses 34x electronic blocks  along with 2x ATMEGA328 Microcontrollers  ,5.0,9.0
TECHNOLOGY,GADGETS,SUCCESSFUL,166,30000.0,39885.0,True,False,NJ,1600984741,2020-09-24 21:59:01,1598270402,2020-08-24 12:00:02,1600984740,2020-09-24 21:59:00,31.0,True,Success,Spotlight,US,TECHNOLOGY GADGETS,39885.0,the United States,en,English,SPACE KOTTY smart litter box,According to vets  this smart litter box may save the lives of thousands of cats  It monitors cat’s health and eliminates viruses ,9.0,10.0
TECHNOLOGY,TECHNOLOGY,SUCCESSFUL,358,20000.0,64122.0,True,False,IL,1602777647,2020-10-15 16:00:47,1600185647,2020-09-15 16:00:47,1602777647,2020-10-15 16:00:47,30.0,True,Success,Spotlight,US,TECHNOLOGY TECHNOLOGY,64122.0,the United States,en,English,Motis – a Mobile Standing Desk for Work at Home & On-the-Go,From the Makers of DeskView (As Seen on ABC s Shark Tank),8.0,10.0
TECHNOLOGY,SOFTWARE,SUCCESSFUL,1260,375.213405,80235.8521489749,True,False,BC,1599714001,2020-09-10 05:00:01,1597232910,2020-08-12 11:48:30,1599714000,2020-09-10 05:00:00,29.0,True,Success,Spotlight,CA,TECHNOLOGY SOFTWARE,80235.8521489749,Canada,en,English,Complete Excel  Python and Machine Learning eDegree for All,Excel programming  fundamentals  VBA  Python  machine learning  Amazon Honeycode and more ,1.0,10.0
TECHNOLOGY,HARDWARE,SUCCESSFUL,1020,58640.9145,235150.78256415692,True,True,CA,1605038400,2020-11-10 20:00:00,1601974878,2020-10-06 09:01:18,1605038400,2020-11-10 20:00:00,35.0,True,Success,Both,US,TECHNOLOGY HARDWARE,235150.78256415692,Italy,en,English,Eteria - Amazing Filterless Personal Air Purifier,Finally redefining the concept of air purifiers thanks to a diffused purification and monitoring system - with powerful nanomaterials ,10.0,10.0
TECHNOLOGY,HARDWARE,SUCCESSFUL,5043,8000.0,364742.0,True,False,DE,1588336877,2020-05-01 12:41:17,1582551677,2020-02-24 13:41:17,1588336877,2020-05-01 12:41:17,67.0,True,Success,Spotlight,US,TECHNOLOGY HARDWARE,364742.0,the United States,en,English,Galio  Ultimate Small & Powerful 120w GaN+SiC USB-C Charger,120w quick charges to 3 devices   2 x Type-C + 1 x USB-A   Support all fast charging protocols   Built-in foldable prongs & safeguards,7.0,10.0
