category,subcategory,state,backers_count,goal,pledged,spotlight,staff_pick,state_loc,state_change_at_unix,state_changed_at, launched_at_unix,launched_at,deadline_unix,deadline,durationdays,projectsuccessb,projectsuccess,features,country,fullcategory,actualpledged,country_displayable_name,language,languagename,name,blurb,goalgroup,pledgedgroup
FOOD,SMALL BATCH,FAILED,1,18000.0,1.0,False,False,NV,1584069780,2020-03-13 03:23:00,1578939464,2020-01-13 18:17:44,1584069780,2020-03-13 03:23:00,59.0,False,Failed,None,US,FOOD SMALL BATCH,0.0,the United States,en,English,CoCoMoes Sauce and Rub Launch ,CoCoMoes has developed a line of sauces and rubs that we want to bring to market ,8.0,1.0
FOOD,COOKBOOKS,FAILED,4,5000.0,56.0,False,False,UT,1596765607,2020-08-07 02:00:07,1594689226,2020-07-14 01:13:46,1596765600,2020-08-07 02:00:00,24.0,False,Failed,None,US,FOOD COOKBOOKS,0.0,the United States,en,English,Nonstick Knowledge,A cooking series/meal plan for the absolute beginner  the cheap home cook  or the aspiring hobbyist ,6.0,1.0
FOOD,FOOD TRUCKS,FAILED,5,1000.0,161.0,False,False,UT,1579448943,2020-01-19 15:49:03,1574264943,2019-11-20 15:49:03,1579448943,2020-01-19 15:49:03,60.0,False,Failed,None,US,FOOD FOOD TRUCKS,0.0,the United States,en,English,Bitsy’s Brew,A drive up beverage shop focused on uniquely infused  flavorful  custom coffees  teas and other beverages ,3.0,2.0
FOOD,SMALL BATCH,FAILED,25,36680.341,639.9178930178,False,False,ON,1586199060,2020-04-06 18:51:00,1583848720,2020-03-10 13:58:40,1586199060,2020-04-06 18:51:00,27.0,False,Failed,None,CA,FOOD SMALL BATCH,0.0,Canada,en,English,JUSSERTS,We offer fresh handmade artisan donuts  cinnamon rolls  cheesecake  specialty cakes and french macarons  Made 100% from scratch ,9.0,2.0
FOOD,DRINKS,FAILED,9,15500.0,661.0,False,False,AL,1599697081,2020-09-10 00:18:01,1597105081,2020-08-11 00:18:01,1599697081,2020-09-10 00:18:01,30.0,False,Failed,None,US,FOOD DRINKS,0.0,the United States,en,English,Sweet Home Spirits,Sweet Home Spirits is a Spirits maker founded in Bluff Park  Alabama  And we wish to launch Sweet Home Whiskey and Sweet Home Vodka ,8.0,2.0
FOOD,SMALL BATCH,FAILED,16,2500.0,662.0,False,False,VA,1580674444,2020-02-02 20:14:04,1575490443,2019-12-04 20:14:03,1580674443,2020-02-02 20:14:03,60.0,False,Failed,None,US,FOOD SMALL BATCH,0.0,the United States,en,English,Windchaser Meadery,Honey Mead made from selectively sourced honey,4.0,2.0
FOOD,DRINKS,SUCCESSFUL,15,750.0,1009.77,True,False,HI,1578780000,2020-01-11 22:00:00,1577518512,2019-12-28 07:35:12,1578780000,2020-01-11 22:00:00,15.0,True,Success,Spotlight,US,FOOD DRINKS,1009.77,the United States,en,English,Bringing Hawaiian Coffee to Brewers Cup 2020,Support bringing amazing Hawaiian coffee to Brewers Cup Qualifiers in Nashville this January ,2.0,3.0
FOOD,SMALL BATCH,SUCCESSFUL,78,500.0,1572.0,True,False,TN,1602457883,2020-10-11 23:11:23,1598569883,2020-08-27 23:11:23,1602457883,2020-10-11 23:11:23,45.0,True,Success,Spotlight,US,FOOD SMALL BATCH,1572.0,the United States,fr,French,Dough Haven (Revival),Crazy (and unique) cookie dough flavors ,2.0,4.0
FOOD,FOOD,SUCCESSFUL,118,2500.0,4181.0,True,True,NJ,1592004540,2020-06-12 23:29:00,1588980540,2020-05-08 23:29:00,1592004540,2020-06-12 23:29:00,35.0,True,Success,Both,US,FOOD FOOD,4181.0,the United States,en,English, That Sauce is BS ,Craft hot sauces that change with the season as well as year round flavors  Flavor before heat ,4.0,6.0
FOOD,RESTAURANTS,SUCCESSFUL,35,5000.0,5031.0,True,False,WI,1577976281,2020-01-02 14:44:41,1575816281,2019-12-08 14:44:41,1577976281,2020-01-02 14:44:41,25.0,True,Success,Spotlight,US,FOOD RESTAURANTS,5031.0,the United States,en,English,Little Sprouts Play Cafe in Mequon ,We re stretching the reach of our parenting & family community into Ozaukee County  Help us amp up our offerings for this new location ,6.0,6.0
FOOD,FOOD,SUCCESSFUL,146,3500.0,5171.0,True,False,WA,1577583461,2019-12-29 01:37:41,1572395860,2019-10-30 00:37:40,1577583460,2019-12-29 01:37:40,60.0,True,Success,Spotlight,US,FOOD FOOD,5171.0,the United States,en,English,2 Angry Cats Hot Sauce,2 Angry Cats aims to bring a hot sauce that packs in the flavor but delivers the heat ,5.0,6.0
FOOD,FOOD,SUCCESSFUL,221,10000.0,11103.0,True,False,FL,1595599411,2020-07-24 14:03:31,1592921011,2020-06-23 14:03:31,1595599411,2020-07-24 14:03:31,31.0,True,Success,Spotlight,US,FOOD FOOD,11103.0,the United States,en,English,Smoothie-N-Go  Revolutionary Blender-Free Smoothie Powder,Now  you can get a healthy meal or an occasional  sweet treat  anytime  anywhere in less than 30 seconds with no hassle ,7.0,8.0
FOOD,SMALL BATCH,SUCCESSFUL,219,10000.0,11310.0,True,False,NC,1605286801,2020-11-13 17:00:01,1602691201,2020-10-14 16:00:01,1605286801,2020-11-13 17:00:01,30.0,True,Success,Spotlight,US,FOOD SMALL BATCH,11310.0,the United States,en,English,Burny Wild’s Adventure Sauce  A New Kind of Hot Sauce,Highly versatile & packed full of flavor  Burny Wild’s brings excitement back into your kitchen  Chef-Made  Vegan  Gluten-Free ,7.0,8.0
FOOD,FOOD TRUCKS,SUCCESSFUL,212,10106.0,17196.0,True,False,TX,1593886670,2020-07-04 18:17:50,1591294544,2020-06-04 18:15:44,1593886544,2020-07-04 18:15:44,30.0,True,Success,Spotlight,US,FOOD FOOD TRUCKS,17196.0,the United States,en,English,Suga s Cakery - Bakery on Wheels,Let s bring Suga to the masses  ,8.0,9.0
FOOD,FOOD,SUCCESSFUL,130,20000.0,21470.0,True,True,IL,1582696801,2020-02-26 06:00:01,1580912981,2020-02-05 14:29:41,1582696800,2020-02-26 06:00:00,21.0,True,Success,Both,US,FOOD FOOD,21470.0,the United States,en,English,Seasons Sparkling  Sparkling Water for the Arts,Organic plant-based sparkling waters presented with contemporary art ,8.0,9.0
FOOD,DRINKS,SUCCESSFUL,205,25000.0,33520.99,True,False,OH,1602820740,2020-10-16 03:59:00,1599841867,2020-09-11 16:31:07,1602820740,2020-10-16 03:59:00,34.0,True,Success,Spotlight,US,FOOD DRINKS,33520.99,the United States,en,English,CARTRIDGE BREWING  Honoring the Past  Brewing the Future,Opening a brewpub (full kitchen & 15bbl brewhouse) within the historic redevelopment of the Peters Cartridge Factory in Fall 2020 ,9.0,9.0
FOOD,VEGAN,SUCCESSFUL,903,47500.0,52813.99,True,False,WA,1603152000,2020-10-20 00:00:00,1600538583,2020-09-19 18:03:03,1603152000,2020-10-20 00:00:00,30.0,True,Success,Spotlight,US,FOOD VEGAN,52813.99,the United States,en,English,Soup Club Cookbook,An independent cookbook of creative plant-based soup recipes by cookbook author Caroline Wright ,9.0,10.0
FOOD,FOOD TRUCKS,SUCCESSFUL,557,60000.0,64460.3,True,True,MN,1581897600,2020-02-17 00:00:00,1579185212,2020-01-16 14:33:32,1581897600,2020-02-17 00:00:00,31.0,True,Success,Both,US,FOOD FOOD TRUCKS,64460.3,the United States,en,English,Neon Lights & Civil Rights  On Wheels ,All Square is launching a food truck  Let s make grilled cheese mobile together ,10.0,10.0
