category,subcategory,state,backers_count,goal,pledged,spotlight,staff_pick,state_loc,state_change_at_unix,state_changed_at, launched_at_unix,launched_at,deadline_unix,deadline,durationdays,projectsuccessb,projectsuccess,features,country,fullcategory,actualpledged,country_displayable_name,language,languagename,name,blurb,goalgroup,pledgedgroup
FASHION,CHILDRENSWEAR,FAILED,1,500.0,1.0,False,False,GA,1586430459,2020-04-09 11:07:39,1583323658,2020-03-04 12:07:38,1586430458,2020-04-09 11:07:38,36.0,False,Failed,None,US,FASHION CHILDRENSWEAR,0.0,the United States,en,English,Stylish tie on boot cuffs for infants and babies,I am creating stylish faux leather tie on boot cuffs for babies and infants ,2.0,1.0
FASHION,ACCESSORIES,SUCCESSFUL,11,300.0,305.0,True,False,CA,1601263800,2020-09-28 03:30:00,1598411419,2020-08-26 03:10:19,1601263800,2020-09-28 03:30:00,33.0,True,Success,Spotlight,US,FASHION ACCESSORIES,305.0,the United States,en,English,Tokyo Mew Mew Uniform Pins,A childhood dream coming to life ,1.0,2.0
FASHION,ACCESSORIES,SUCCESSFUL,29,400.0,459.0,True,False,AL,1593608400,2020-07-01 13:00:00,1592665179,2020-06-20 14:59:39,1593608400,2020-07-01 13:00:00,11.0,True,Success,Spotlight,US,FASHION ACCESSORIES,459.0,the United States,en,English,Sweet paw friends   enamel pins,Set of cute animal pins  great for any tea party ,1.0,2.0
FASHION,APPAREL,SUCCESSFUL,8,535.0,541.0,True,False,CA,1582610170,2020-02-25 05:56:10,1580018170,2020-01-26 05:56:10,1582610170,2020-02-25 05:56:10,30.0,True,Success,Spotlight,US,FASHION APPAREL,541.0,the United States,en,English,Make 100 - Welding-Themed T-Shirts  Made in the USA,Show off your love of bonding metals and help grow the welding community by picking up one of these sweet Ts (or a sticker ),2.0,2.0
FASHION,ACCESSORIES,SUCCESSFUL,33,550.0,765.0,True,False,AZ,1604610320,2020-11-05 21:05:20,1602014719,2020-10-06 20:05:19,1604610319,2020-11-05 21:05:19,30.0,True,Success,Spotlight,US,FASHION ACCESSORIES,765.0,the United States,en,English,Baby Fantasy Creature Enamel Pins,A collection of hard enamel pins featuring baby fantasy animals - Dragon  Unicorn  and Griffon,2.0,3.0
FASHION,ACCESSORIES,SUCCESSFUL,38,500.0,795.0,True,False,AZ,1583593254,2020-03-07 15:00:54,1582297254,2020-02-21 15:00:54,1583593254,2020-03-07 15:00:54,15.0,True,Success,Spotlight,US,FASHION ACCESSORIES,795.0,the United States,en,English,Whale Family  Enamel Pin Set,A mother humpback whale and it’s calf  together as an enamel pin set  Whales ,2.0,3.0
FASHION,FASHION,SUCCESSFUL,24,324.0,974.0,True,False,CA,1596420000,2020-08-03 02:00:00,1594495317,2020-07-11 19:21:57,1596420000,2020-08-03 02:00:00,22.0,True,Success,Spotlight,US,FASHION FASHION,974.0,the United States,en,English,Yamakopter   The Original Propeller Kippah,A novelty Jewish Kippah with a propeller ,1.0,3.0
FASHION,ACCESSORIES,SUCCESSFUL,59,500.0,1451.0,True,False,NY,1585241246,2020-03-26 16:47:26,1584031646,2020-03-12 16:47:26,1585241246,2020-03-26 16:47:26,14.0,True,Success,Spotlight,US,FASHION ACCESSORIES,1451.0,the United States,en,English,Owlgon Enamel Pin Quickstarter,A beautiful high quality Enamel pin of a Dragon inspired by the Great Horned Owl ,2.0,3.0
FASHION,ACCESSORIES,SUCCESSFUL,52,300.0,1522.0,True,False,FL,1581199424,2020-02-08 22:03:44,1578607424,2020-01-09 22:03:44,1581199424,2020-02-08 22:03:44,30.0,True,Success,Spotlight,US,FASHION ACCESSORIES,1522.0,the United States,en,English,❀Little Pins of Horrors❀ A Musical-Inspired Pin Series,A Hard-Enamel Pin Series inspired by the Macabre Musical  Little Shop of Horrors,1.0,4.0
FASHION,ACCESSORIES,SUCCESSFUL,46,590.0,1551.0,True,False,VA,1605706189,2020-11-18 13:29:49,1603110589,2020-10-19 12:29:49,1605706189,2020-11-18 13:29:49,30.0,True,Success,Spotlight,US,FASHION ACCESSORIES,1551.0,the United States,en,English,Burning Up/Growing Back  Enamel Pins,Two enamel pins of death and rebirth featuring a burning stag and floral doe ,2.0,4.0
FASHION,ACCESSORIES,SUCCESSFUL,72,400.0,1693.0,True,False,TN,1580970215,2020-02-06 06:23:35,1578378215,2020-01-07 06:23:35,1580970215,2020-02-06 06:23:35,30.0,True,Success,Spotlight,US,FASHION ACCESSORIES,1693.0,the United States,en,English,Odd Eye Potions - A LOONA-inspired enamel pin set,Magical potion-themed pins inspired by the solo songs of LOONA’s Odd Eye Circle  For potion-lovers and Orbits alike ,1.0,4.0
FASHION,ACCESSORIES,SUCCESSFUL,63,400.0,1907.0,True,False,CT,1585841956,2020-04-02 15:39:16,1583253556,2020-03-03 16:39:16,1585841956,2020-04-02 15:39:16,30.0,True,Success,Spotlight,US,FASHION ACCESSORIES,1907.0,the United States,en,English,The Disney Ride Vehicle Pin Project ,Climb onboard with enamel pins of your favorite Disney theme park ride vehicles ,1.0,4.0
FASHION,ACCESSORIES,SUCCESSFUL,53,1500.0,2008.0,True,False,NJ,1589060506,2020-05-09 21:41:46,1587764506,2020-04-24 21:41:46,1589060506,2020-05-09 21:41:46,15.0,True,Success,Spotlight,US,FASHION ACCESSORIES,2008.0,the United States,en,English,Make 100   Limited Edition  Rising Phoenix  Jumbo Enamel Pin,A limited edition giant showpiece of an enamel pin - the Phoenix rises from the flames with gemstone eye and a glittering tail ,3.0,4.0
FASHION,FOOTWEAR,SUCCESSFUL,35,1370.0,2251.0,True,False,CA,1592982000,2020-06-24 07:00:00,1591244049,2020-06-04 04:14:09,1592982000,2020-06-24 07:00:00,20.0,True,Success,Spotlight,US,FASHION FOOTWEAR,2251.0,the United States,en,English,Designer sneakers made in Italy,BAMF 00 is a unique limited edition shoe concept  it will be available to pre-order for the next 29 days ,3.0,4.0
FASHION,JEWELRY,SUCCESSFUL,21,1000.0,2466.0,True,False,CA,1603243676,2020-10-21 01:27:56,1600651676,2020-09-21 01:27:56,1603243676,2020-10-21 01:27:56,30.0,True,Success,Spotlight,US,FASHION JEWELRY,2466.0,the United States,en,English,The Cosmic Ring,The Cosmic ring is a one of a kind  custom glow stone ring that is out of this world ,3.0,4.0
FASHION,JEWELRY,SUCCESSFUL,75,423.677946,2682.0861758539,True,False,YU,1587336805,2020-04-19 22:53:25,1586040805,2020-04-04 22:53:25,1587336805,2020-04-19 22:53:25,15.0,True,Success,Spotlight,CA,FASHION JEWELRY,2682.0861758539,Canada,en,English,Hand Crafted Wooden Rings,No One is the Same,1.0,5.0
FASHION,FASHION,SUCCESSFUL,40,2500.0,2698.0,True,False,VA,1589601540,2020-05-16 03:59:00,1586208939,2020-04-06 21:35:39,1589601540,2020-05-16 03:59:00,39.0,True,Success,Spotlight,US,FASHION FASHION,2698.0,the United States,en,English,Video Game Inspired Apparel,Animal Crossing Inspired Travel Theme Apparel and Accessories,4.0,5.0
FASHION,APPAREL,SUCCESSFUL,109,350.0,3305.0,True,False,TN,1581274801,2020-02-09 19:00:01,1578682801,2020-01-10 19:00:01,1581274801,2020-02-09 19:00:01,30.0,True,Success,Spotlight,US,FASHION APPAREL,3305.0,the United States,en,English,Certified Magical Girl Beanies,Certified Magical Girl Beanies based off my enamel pin series  Sailor Moon  & all things magical  pastel  & kawaii   ♡,1.0,5.0
FASHION,APPAREL,SUCCESSFUL,50,4000.0,4475.0,True,False,AZ,1604171238,2020-10-31 19:07:18,1601579238,2020-10-01 19:07:18,1604171238,2020-10-31 19:07:18,30.0,True,Success,Spotlight,US,FASHION APPAREL,4475.0,the United States,en,English,TRIC Clothing Co ,To Rise In Challenge is a brand  lifestyle  mentality  TRIC your mindset to face any challenge in life head on ,5.0,6.0
FASHION,CHILDRENSWEAR,SUCCESSFUL,51,5000.0,5303.0,True,False,CA,1604681994,2020-11-06 16:59:54,1602086392,2020-10-07 15:59:52,1604681992,2020-11-06 16:59:52,30.0,True,Success,Spotlight,US,FASHION CHILDRENSWEAR,5303.0,the United States,en,English,Wings Of Worth  An Uplifting Groovy Apparel Brand For Girls ,A Young Girls Fashion Brand Promoting Positive Self Worth ,6.0,6.0
FASHION,COUTURE,SUCCESSFUL,43,5500.0,5642.0,True,False,MN,1583764563,2020-03-09 14:36:03,1582558563,2020-02-24 15:36:03,1583764563,2020-03-09 14:36:03,14.0,True,Success,Spotlight,US,FASHION COUTURE,5642.0,the United States,en,English,Witchy Collection Goth fantastical fashion created ethically,Witchy Fashion  Fashion is Power  Fashion is your ability to establish yourself  with confidence and style ,6.0,7.0
FASHION,CHILDRENSWEAR,FAILED,69,20000.0,6278.0,False,False,AZ,1605796647,2020-11-19 14:37:27,1603201046,2020-10-20 13:37:26,1605796646,2020-11-19 14:37:26,30.0,False,Failed,None,US,FASHION CHILDRENSWEAR,0.0,the United States,en,English,pouchyroos,the cozy kids romper with a pouch,8.0,7.0
FASHION,APPAREL,SUCCESSFUL,95,3400.0,6291.0,True,False,WA,1604213941,2020-11-01 06:59:01,1601752212,2020-10-03 19:10:12,1604213940,2020-11-01 06:59:00,28.0,True,Success,Spotlight,US,FASHION APPAREL,6291.0,the United States,en,English,Lofi Juicy Babes Restock   Munrou x S2HEART Collab,Adding some sweet  comfy  fresh cuteness to your day ,5.0,7.0
FASHION,JEWELRY,SUCCESSFUL,72,5000.0,6553.0,True,False,HI,1591743605,2020-06-09 23:00:05,1589324405,2020-05-12 23:00:05,1591743605,2020-06-09 23:00:05,28.0,True,Success,Spotlight,US,FASHION JEWELRY,6553.0,the United States,en,English,Revolver Inspired Glow-in-the-Dark Luminescent Rings,Glowing Jewelry Collection by Rvlvr Watch Co ,6.0,7.0
FASHION,ACCESSORIES,SUCCESSFUL,94,3700.0,7583.0,True,False,WA,1599757201,2020-09-10 17:00:01,1597412514,2020-08-14 13:41:54,1599757200,2020-09-10 17:00:00,27.0,True,Success,Spotlight,US,FASHION ACCESSORIES,7583.0,the United States,en,English,Switchable Ita Bag,Kawaii pastel switchable ita bag that can be transformed into three different bags ,5.0,7.0
FASHION,ACCESSORIES,SUCCESSFUL,236,6000.0,25051.0,True,False,CA,1597161833,2020-08-11 16:03:53,1595001833,2020-07-17 16:03:53,1597161833,2020-08-11 16:03:53,25.0,True,Success,Spotlight,US,FASHION ACCESSORIES,25051.0,the United States,en,English,An OTP Feudal Fairytale,OTP themed Ita Bags by Dreenicorn & Honey+Lemon Designs with several custom features for you to showcase your favorite pins & charms ,6.0,9.0
FASHION,ACCESSORIES,SUCCESSFUL,134,15000.0,28111.0,True,True,DC,1607447700,2020-12-08 17:15:00,1604901494,2020-11-09 05:58:14,1607447700,2020-12-08 17:15:00,29.0,True,Success,Both,US,FASHION ACCESSORIES,28111.0,the United States,en,English,round21 artist-designed ping pong paddles,🏓 Your Game Says A Lot About Who You Are,8.0,9.0
FASHION,FOOTWEAR,SUCCESSFUL,100,45000.0,47122.0,True,True,NY,1583354906,2020-03-04 20:48:26,1580762906,2020-02-03 20:48:26,1583354906,2020-03-04 20:48:26,30.0,True,Success,Both,US,FASHION FOOTWEAR,47122.0,the United States,en,English,F E  Castleberry Footwear  luxury made the old-fashioned way,A luxury footwear collection designed by F E  Castleberry  handmade in England  sold direct-to-consumer ,9.0,10.0
