category,subcategory,state,backers_count,goal,pledged,spotlight,staff_pick,state_loc,state_change_at_unix,state_changed_at, launched_at_unix,launched_at,deadline_unix,deadline,durationdays,projectsuccessb,projectsuccess,features,country,fullcategory,actualpledged,country_displayable_name,language,languagename,name,blurb,goalgroup,pledgedgroup
PUBLISHING,YOUNG ADULT,FAILED,1,1030.0,1.0,False,False,WA,1602537098,2020-10-12 21:11:38,1599945098,2020-09-12 21:11:38,1602537098,2020-10-12 21:11:38,30.0,False,Failed,None,US,PUBLISHING YOUNG ADULT,0.0,the United States,en,English,Switched,A YA novel about two girls switched during the adoption process ,3.0,1.0
PUBLISHING,FICTION,SUCCESSFUL,32,500.0,510.0,True,False,TX,1600387201,2020-09-18 00:00:01,1598353672,2020-08-25 11:07:52,1600387200,2020-09-18 00:00:00,24.0,True,Success,Spotlight,US,PUBLISHING FICTION,510.0,the United States,en,English,Time Spells,A collection of ten spellbinding short story romances featuring modern women who discover the Past is Real,2.0,2.0
PUBLISHING,CHILDREN'S BOOKS,SUCCESSFUL,13,2200.0,2200.0,True,False,CA,1605635160,2020-11-17 17:46:00,1600447560,2020-09-18 16:46:00,1605635160,2020-11-17 17:46:00,60.0,True,Success,Spotlight,US,PUBLISHING CHILDREN'S BOOKS,2200.0,the United States,en,English,The Adventures of Paris and Cali,The First Day of School,4.0,4.0
PUBLISHING,FICTION,SUCCESSFUL,42,3250.0,3375.0,True,False,PA,1585969260,2020-04-04 03:01:00,1583260642,2020-03-03 18:37:22,1585969260,2020-04-04 03:01:00,31.0,True,Success,Spotlight,US,PUBLISHING FICTION,3375.0,the United States,en,English,ANOTHER PIECE OF THE PUZZLE  MORE STORIES BY SCOTT YOUNG,The 3rd book of stories bringing Scott Young s Infinite-verse to readers ,5.0,5.0
PUBLISHING,CHILDREN'S BOOKS,SUCCESSFUL,68,2000.0,3563.0,True,True,CA,1596319830,2020-08-01 22:10:30,1591135830,2020-06-02 22:10:30,1596319830,2020-08-01 22:10:30,60.0,True,Success,Both,US,PUBLISHING CHILDREN'S BOOKS,3563.0,the United States,en,English,Tom Woof + Max The Owl,A Children’s Book about Creativity and Community,4.0,5.0
PUBLISHING,YOUNG ADULT,SUCCESSFUL,34,3500.0,3735.0,True,False,MO,1594847740,2020-07-15 21:15:40,1592255739,2020-06-15 21:15:39,1594847739,2020-07-15 21:15:39,30.0,True,Success,Spotlight,US,PUBLISHING YOUNG ADULT,3735.0,the United States,en,English,My Invisible Father - a young adult novel,A novel for young adults about 3 teenagers navigating different struggles concerning their fathers  A music project accompanies book ,5.0,5.0
PUBLISHING,FICTION,SUCCESSFUL,35,3791.9724,3900.6427450392,True,False,AB,1577861940,2020-01-01 06:59:00,1573340913,2019-11-09 23:08:33,1577861940,2020-01-01 06:59:00,52.0,True,Success,Spotlight,CA,PUBLISHING FICTION,3900.6427450392,Canada,en,English,Solar Warden,The first novel in a series about the secret space program   The first book is titled  Solar Warden  ,5.0,5.0
PUBLISHING,NONFICTION,SUCCESSFUL,95,3000.0,3955.0,True,False,TX,1602215760,2020-10-09 03:56:00,1599082067,2020-09-02 21:27:47,1602215760,2020-10-09 03:56:00,36.0,True,Success,Spotlight,US,PUBLISHING NONFICTION,3955.0,the United States,en,English,Conducting Chaos  Teaching Improv to Kids and Teens,A manual for teaching ,5.0,6.0
PUBLISHING,POETRY,SUCCESSFUL,80,4300.0,4521.0,True,False,NY,1583776021,2020-03-09 17:47:01,1582473463,2020-02-23 15:57:43,1583776020,2020-03-09 17:47:00,15.0,True,Success,Spotlight,US,PUBLISHING POETRY,4521.0,the United States,en,English,Hi Angels Deluxe edition + book tour,A deluxe edition of Hi Angels  Poems by Candystore with artwork by Jerome Caja for the LA Art Book Fair and mini West Coast book tour,5.0,6.0
PUBLISHING,CHILDREN'S BOOKS,SUCCESSFUL,43,6000.0,6021.0,True,False,FL,1606407781,2020-11-26 16:23:01,1602084181,2020-10-07 15:23:01,1606407781,2020-11-26 16:23:01,50.0,True,Success,Spotlight,US,PUBLISHING CHILDREN'S BOOKS,6021.0,the United States,en,English,When It Rains  It Rains  A Children s Book for a Rainy Day,A heartfelt children s book about two new friends who discover a peculiar pink plant ,6.0,7.0
PUBLISHING,FICTION,SUCCESSFUL,222,1800.0,6155.0,True,True,NY,1587409897,2020-04-20 19:11:37,1582229497,2020-02-20 20:11:37,1587409897,2020-04-20 19:11:37,60.0,True,Success,Both,US,PUBLISHING FICTION,6155.0,the United States,en,English,The Unseen Hand / A Debut Fantasy Novel,Help fund the epic fantasy debut novel by authors Narcisse Navarre and Marzio Ombra set in Laremlis  an exciting new fantasy world ,4.0,7.0
PUBLISHING,CHILDREN'S BOOKS,SUCCESSFUL,113,6500.0,7044.0,True,False,NC,1602784800,2020-10-15 18:00:00,1600767003,2020-09-22 09:30:03,1602784800,2020-10-15 18:00:00,23.0,True,Success,Spotlight,US,PUBLISHING CHILDREN'S BOOKS,7044.0,the United States,en,English,Ada and the Helpers  encouraging self-confidence in children,Get the children s book that inspires friendship and finding your natural strengths while raising deaf and cochlear implant awareness ,7.0,7.0
PUBLISHING,CHILDREN'S BOOKS,SUCCESSFUL,66,7500.0,7527.0,True,False,TX,1583454208,2020-03-06 00:23:28,1580862208,2020-02-05 00:23:28,1583454208,2020-03-06 00:23:28,30.0,True,Success,Spotlight,US,PUBLISHING CHILDREN'S BOOKS,7527.0,the United States,en,English, Always Forever  Bedtime Story and Lullaby,A children s book + a Lullaby called  Always Forever    This is to be read by biological  step  foster  kinship and group home parents ,7.0,7.0
PUBLISHING,CHILDREN'S BOOKS,SUCCESSFUL,170,7000.0,7594.0,True,False,VT,1585715429,2020-04-01 04:30:29,1583040629,2020-03-01 05:30:29,1585715429,2020-04-01 04:30:29,31.0,True,Success,Spotlight,US,PUBLISHING CHILDREN'S BOOKS,7594.0,the United States,en,English,ABCs of Contra Dancing Board Book ,A lovingly illustrated rhyming couplet look at the alphabet and contra dancing ,7.0,7.0
PUBLISHING,YOUNG ADULT,SUCCESSFUL,68,10000.0,10088.0,True,False,FL,1605807050,2020-11-19 17:30:50,1604315820,2020-11-02 11:17:00,1605806940,2020-11-19 17:29:00,17.0,True,Success,Spotlight,US,PUBLISHING YOUNG ADULT,10088.0,the United States,en,English,call me him  A transgender coming-of-age story ,Dedicated to every person who has struggled to discover themselves and their place  call me him  is a story that needs to be shared ,7.0,8.0
PUBLISHING,YOUNG ADULT,SUCCESSFUL,483,15000.0,31260.0,True,True,KS,1598644800,2020-08-28 20:00:00,1596801600,2020-08-07 12:00:00,1598644800,2020-08-28 20:00:00,21.0,True,Success,Both,US,PUBLISHING YOUNG ADULT,31260.0,the United States,en,English,Tales of Hibaria  The Awakening,A collection of twelve richly illustrated fantasy stories ,8.0,9.0
PUBLISHING,FICTION,SUCCESSFUL,174,18100.0,39623.01,True,False,OR,1581609555,2020-02-13 15:59:15,1579017555,2020-01-14 15:59:15,1581609555,2020-02-13 15:59:15,30.0,True,Success,Spotlight,US,PUBLISHING FICTION,39623.01,the United States,en,English,THE HERETIC ~ Exposing a Real-Life Ancient Secret,The spiritual & historical novel that changes Everything ,8.0,9.0
