category,subcategory,state,backers_count,goal,pledged,spotlight,staff_pick,state_loc,state_change_at_unix,state_changed_at, launched_at_unix,launched_at,deadline_unix,deadline,durationdays,projectsuccessb,projectsuccess,features,country,fullcategory,actualpledged,country_displayable_name,language,languagename,name,blurb,goalgroup,pledgedgroup
FILM & VIDEO,TELEVISION,FAILED,1,300000.0,1.0,False,False,CA,1585072914,2020-03-24 18:01:54,1579892503,2020-01-24 19:01:43,1585072903,2020-03-24 18:01:43,60.0,False,Failed,None,US,FILM & VIDEO TELEVISION,0.0,the United States,en,English,Uncivil War,Bleeding Red  White and Blue,10.0,1.0
FILM & VIDEO,TELEVISION,FAILED,1,7000.0,1.0,False,False,TX,1598236453,2020-08-24 02:34:13,1593052453,2020-06-25 02:34:13,1598236453,2020-08-24 02:34:13,60.0,False,Failed,None,US,FILM & VIDEO TELEVISION,0.0,the United States,en,English,Milton Johnson s Sins of Our Fathers,A TV series about two Texas urban youth paying for sins of they family with many struggles in the  BLMEra  Be ready for the next hit ,7.0,1.0
FILM & VIDEO,WEBSERIES,FAILED,2,2000.0,11.0,False,False,GA,1596126700,2020-07-30 16:31:40,1594701891,2020-07-14 04:44:51,1596126660,2020-07-30 16:31:00,16.0,False,Failed,None,US,FILM & VIDEO WEBSERIES,0.0,the United States,en,English,Ennea-One,A web series based off of the Enneagram Theory ,4.0,1.0
FILM & VIDEO,FANTASY,FAILED,3,50000.0,18.0,False,False,IN,1585580235,2020-03-30 14:57:15,1580399834,2020-01-30 15:57:14,1585580234,2020-03-30 14:57:14,60.0,False,Failed,None,US,FILM & VIDEO FANTASY,0.0,the United States,en,English,Among Us,A 12 episode a season series about the world of the supernatural focusing on a Vampire named Kavin who struggles with his morality ,9.0,1.0
FILM & VIDEO,FAMILY,FAILED,4,3000.0,91.0,False,False,TN,1602910740,2020-10-17 04:59:00,1598306971,2020-08-24 22:09:31,1602910740,2020-10-17 04:59:00,53.0,False,Failed,None,US,FILM & VIDEO FAMILY,0.0,the United States,en,English,Heroes Immortal  The Story of the Four Chaplains,Factual account from WWII about self-sacrifice  patriotism  faith  family  and brotherhood,5.0,1.0
FILM & VIDEO,WEBSERIES,FAILED,10,5000.0,325.0,False,False,TX,1604412984,2020-11-03 14:16:24,1600120442,2020-09-14 21:54:02,1604383140,2020-11-03 05:59:00,49.0,False,Failed,None,US,FILM & VIDEO WEBSERIES,0.0,the United States,en,English,A Milli Series,A web-series in Dallas  Texas about how millennials [Chameleons] conform to societies norms while basing progression on outside sources,6.0,2.0
FILM & VIDEO,HORROR,SUCCESSFUL,18,500.0,723.5,True,False,AL,1604034000,2020-10-30 05:00:00,1602807865,2020-10-16 00:24:25,1604034000,2020-10-30 05:00:00,14.0,True,Success,Spotlight,US,FILM & VIDEO HORROR,723.5,the United States,en,English,Absolute Zero,A horror short film following two friends who will  see and be seen  by the paranormal entities in a small southern town ,2.0,3.0
FILM & VIDEO,THRILLERS,SUCCESSFUL,14,500.0,801.0,True,False,IL,1585112400,2020-03-25 05:00:00,1583172711,2020-03-02 18:11:51,1585112400,2020-03-25 05:00:00,22.0,True,Success,Spotlight,US,FILM & VIDEO THRILLERS,801.0,the United States,en,English,An American Family,A short film about a man on the brink of suicide who reflects on his highly dysfunctional American family ,2.0,3.0
FILM & VIDEO,FAMILY,SUCCESSFUL,44,1100.0,1345.0,True,False,NY,1603988360,2020-10-29 16:19:20,1601396360,2020-09-29 16:19:20,1603988360,2020-10-29 16:19:20,30.0,True,Success,Spotlight,US,FILM & VIDEO FAMILY,1345.0,the United States,en,English,Music Licensing for the Broad Release of  How You Are to Me ,One thing holding us back and just $10 and passing along the word can make the difference ,3.0,3.0
FILM & VIDEO,MUSIC VIDEOS,SUCCESSFUL,27,1901.075625,1903.5774405225,True,False,CA,1605490167,2020-11-16 01:29:27,1602894567,2020-10-17 00:29:27,1605490167,2020-11-16 01:29:27,30.0,True,Success,Spotlight,US,FILM & VIDEO MUSIC VIDEOS,1903.5774405225,Canada,en,English,UPSIDE OF MAYBE music video for  RAINMAKER  featuring OKAMA,The band (Upside of Maybe) would like to create a professional music video for our new song  Rainmaker  ,4.0,4.0
FILM & VIDEO,FANTASY,SUCCESSFUL,19,2250.0,2250.0,True,False,CA,1584546300,2020-03-18 15:45:00,1582084483,2020-02-19 03:54:43,1584546300,2020-03-18 15:45:00,28.0,True,Success,Spotlight,US,FILM & VIDEO FANTASY,2250.0,the United States,en,English,How Do You Want To Do This ,A student short film about a group of close friends playing some Dungeons and Dragons and teleported into the game and must survive,4.0,4.0
FILM & VIDEO,COMEDY,SUCCESSFUL,103,1000.0,3128.0,True,False,MI,1600362658,2020-09-17 17:10:58,1597770658,2020-08-18 17:10:58,1600362658,2020-09-17 17:10:58,30.0,True,Success,Spotlight,US,FILM & VIDEO COMEDY,3128.0,the United States,en,English,Roastmasterpiece Theatre Presents  The Cult of Frankenstein,Addison  Corny  and Reelie write  shoot  edit  and riff on their own Frankenstein film ,3.0,5.0
FILM & VIDEO,DOCUMENTARY,SUCCESSFUL,32,3000.0,3336.0,True,False,OR,1586491200,2020-04-10 04:00:00,1584067578,2020-03-13 02:46:18,1586491200,2020-04-10 04:00:00,28.0,True,Success,Spotlight,US,FILM & VIDEO DOCUMENTARY,3336.0,the United States,en,English,14 000 Miles to Chile,An avid surfer and marine biologist embarks on the adventure of a lifetime  14 000 miles of surfing and cleaning beaches on a DR650 ,5.0,5.0
FILM & VIDEO,ANIMATION,FAILED,22,40000.0,3488.0,False,False,FL,1604007235,2020-10-29 21:33:55,1601568050,2020-10-01 16:00:50,1604007235,2020-10-29 21:33:55,28.0,False,Failed,None,US,FILM & VIDEO ANIMATION,0.0,the United States,en,English,The King of Ink,A seven-minute animated romantic comedy about tattoos in search of the meaning of life ,9.0,5.0
FILM & VIDEO,COMEDY,FAILED,11,115000.0,4647.0,False,False,OR,1592851591,2020-06-22 18:46:31,1587667582,2020-04-23 18:46:22,1592851582,2020-06-22 18:46:22,60.0,False,Failed,None,US,FILM & VIDEO COMEDY,0.0,the United States,en,English,The Last Blockbuster,A hilarious comedy about the Last Blockbuster on Planet Earth ,10.0,6.0
FILM & VIDEO,HORROR,SUCCESSFUL,56,5000.0,5093.0,True,False,NE,1600552643,2020-09-19 21:57:23,1596664643,2020-08-05 21:57:23,1600552643,2020-09-19 21:57:23,45.0,True,Success,Spotlight,US,FILM & VIDEO HORROR,5093.0,the United States,en,English,After School Lunch Special II  Sloppy Seconds,An epic sequel to the film After School Lunch Special ,6.0,6.0
FILM & VIDEO,COMEDY,SUCCESSFUL,76,7500.0,7846.0,True,True,GA,1579928340,2020-01-25 04:59:00,1576680164,2019-12-18 14:42:44,1579928340,2020-01-25 04:59:00,38.0,True,Success,Both,US,FILM & VIDEO COMEDY,7846.0,the United States,en,English,MESSY HEARTS movie,So  Jamie loves Kelli  who loves Leslie  Leslie just left her husband  but when Kelli doesn’t leave Jamie  Leslie starts dating Kelly ,7.0,7.0
FILM & VIDEO,SHORTS,SUCCESSFUL,72,7500.0,7935.0,True,True,NY,1581545882,2020-02-12 22:18:02,1579731482,2020-01-22 22:18:02,1581545882,2020-02-12 22:18:02,21.0,True,Success,Both,US,FILM & VIDEO SHORTS,7935.0,the United States,en,English,Intake - a short film,After an unfortunate incident  a young high schooler must complete a drug and alcohol abuse evaluation ,7.0,7.0
FILM & VIDEO,SCIENCE FICTION,SUCCESSFUL,258,1200.0,9690.0,True,False,GA,1590977700,2020-06-01 02:15:00,1589671751,2020-05-16 23:29:11,1590977700,2020-06-01 02:15:00,15.0,True,Success,Spotlight,US,FILM & VIDEO SCIENCE FICTION,9690.0,the United States,en,English,USS Ares Master Systems Display Poster,The follow up to the amazing USS Ares Schematic poster   Printed on 100lb glossy stock ,3.0,8.0
FILM & VIDEO,DOCUMENTARY,SUCCESSFUL,131,10000.0,10138.0,True,False,MA,1582327739,2020-02-21 23:28:59,1577143739,2019-12-23 23:28:59,1582327739,2020-02-21 23:28:59,60.0,True,Success,Spotlight,US,FILM & VIDEO DOCUMENTARY,10138.0,the United States,en,English,People in a Room  A Documentary,A diverse group of teenagers learn how to talk with each other about their identities including race  politics  religion  and gender ,7.0,8.0
FILM & VIDEO,ANIMATION,FAILED,105,50000.0,13150.0,False,True,GA,1581162218,2020-02-08 11:43:38,1578570218,2020-01-09 11:43:38,1581162218,2020-02-08 11:43:38,30.0,False,Failed,StaffPick,US,FILM & VIDEO ANIMATION,0.0,the United States,en,English,Furious and Fat Cat,30 minute pilot  Furious and Fat Cat reunite after taking very different paths in life ,9.0,8.0
FILM & VIDEO,FAMILY,SUCCESSFUL,13,13000.0,16556.0,True,False,CA,1579041341,2020-01-14 22:35:41,1573857239,2019-11-15 22:33:59,1579041239,2020-01-14 22:33:59,60.0,True,Success,Spotlight,US,FILM & VIDEO FAMILY,16556.0,the United States,en,English,Just Another Summer,A short film about family  brotherhood  growing up and answering the call to destiny ,8.0,8.0
FILM & VIDEO,DOCUMENTARY,SUCCESSFUL,69,10000.0,20950.0,True,True,CA,1602792000,2020-10-15 20:00:00,1600189889,2020-09-15 17:11:29,1602792000,2020-10-15 20:00:00,30.0,True,Success,Both,US,FILM & VIDEO DOCUMENTARY,20950.0,the United States,en,English,The Future of Work is Here  A Responsive Documentary,A story about the future of work  which has so abruptly arrived ,7.0,9.0
FILM & VIDEO,NARRATIVE FILM,SUCCESSFUL,112,30500.0,30700.0,True,False,MO,1603429140,2020-10-23 04:59:00,1600788600,2020-09-22 15:30:00,1603429140,2020-10-23 04:59:00,31.0,True,Success,Spotlight,US,FILM & VIDEO NARRATIVE FILM,30700.0,the United States,en,English,Pray They Stand Down  A Film About PTSD,Chad Sikeston  combat veteran  Purple Heart recipient  PTSD diagnosed  Now in Missouri  he fights once more  Can a dog help him ,9.0,9.0
FILM & VIDEO,DOCUMENTARY,SUCCESSFUL,974,95000.0,113509.23,True,True,PA,1607173306,2020-12-05 13:01:46,1603281705,2020-10-21 12:01:45,1607173305,2020-12-05 13:01:45,45.0,True,Success,Both,US,FILM & VIDEO DOCUMENTARY,113509.23,the United States,en,English,Arcade Dreams  The Definitive Arcade Documentary Series,Travel through time to discover the secret history of arcade games  The people  the places  and the stories behind a century of gaming ,10.0,10.0
