category,subcategory,state,backers_count,goal,pledged,spotlight,staff_pick,state_loc,state_change_at_unix,state_changed_at, launched_at_unix,launched_at,deadline_unix,deadline,durationdays,projectsuccessb,projectsuccess,features,country,fullcategory,actualpledged,country_displayable_name,language,languagename,name,blurb,goalgroup,pledgedgroup
FILM & VIDEO,TELEVISION,FAILED,1,300000.0,1.0,False,False,CA,1585072914,2020-03-24 18:01:54,1579892503,2020-01-24 19:01:43,1585072903,2020-03-24 18:01:43,60.0,False,Failed,None,US,FILM & VIDEO TELEVISION,0.0,the United States,en,English,Uncivil War,Bleeding Red  White and Blue,10.0,1.0
MUSIC,HIP-HOP,FAILED,1,800.0,1.0,False,False,TN,1603392042,2020-10-22 18:40:42,1600800042,2020-09-22 18:40:42,1603392042,2020-10-22 18:40:42,30.0,False,Failed,None,US,MUSIC HIP-HOP,0.0,the United States,en,English,R  A Dedication,The second EP from Hip Hop Artist  Caleb LaDuke,2.0,1.0
PUBLISHING,YOUNG ADULT,FAILED,1,1030.0,1.0,False,False,WA,1602537098,2020-10-12 21:11:38,1599945098,2020-09-12 21:11:38,1602537098,2020-10-12 21:11:38,30.0,False,Failed,None,US,PUBLISHING YOUNG ADULT,0.0,the United States,en,English,Switched,A YA novel about two girls switched during the adoption process ,3.0,1.0
CRAFTS,DIY,FAILED,1,4500.0,1.0,False,False,IN,1581011576,2020-02-06 17:52:56,1578419575,2020-01-07 17:52:55,1581011575,2020-02-06 17:52:55,30.0,False,Failed,None,US,CRAFTS DIY,0.0,the United States,en,English,Make 100  Introducing Chalk Couture ,Introducing people to Chalk Couture ,5.0,1.0
MUSIC,HIP-HOP,FAILED,1,5000.0,1.0,False,False,VA,1601009557,2020-09-25 04:52:37,1595825551,2020-07-27 04:52:31,1601009551,2020-09-25 04:52:31,60.0,False,Failed,None,US,MUSIC HIP-HOP,0.0,the United States,en,English,THE REVOLUTION HITS THE ROAD CAMPAIGN,A SMALL TOUR WITH MY DJ RICO BANKS  HIGHLIGHTING SOME OF THE QUALITY HIPHOP PROJECTS WE VE CREATED OVER THE YEARS,6.0,1.0
JOURNALISM,WEB,FAILED,1,5800.0,1.0,False,False,MN,1590022381,2020-05-21 00:53:01,1587430380,2020-04-21 00:53:00,1590022380,2020-05-21 00:53:00,30.0,False,Failed,None,US,JOURNALISM WEB,0.0,the United States,en,English,Membership site for Life Coaching,Site will offer Self Love  Self Care and Inspirational content such as ebooks  online courses and coaching ,6.0,1.0
TECHNOLOGY,SOFTWARE,FAILED,1,12500.0,1.0,False,False,NY,1598991600,2020-09-01 20:20:00,1597079744,2020-08-10 17:15:44,1598991600,2020-09-01 20:20:00,22.0,False,Failed,None,US,TECHNOLOGY SOFTWARE,0.0,the United States,en,English,HireBeat - AI powered Interview Training & Feedback Platform,HireBeat supercharges your performance and helps you to show a well-rounded view so you can make a great impression and land next job ,8.0,1.0
FILM & VIDEO,TELEVISION,FAILED,1,7000.0,1.0,False,False,TX,1598236453,2020-08-24 02:34:13,1593052453,2020-06-25 02:34:13,1598236453,2020-08-24 02:34:13,60.0,False,Failed,None,US,FILM & VIDEO TELEVISION,0.0,the United States,en,English,Milton Johnson s Sins of Our Fathers,A TV series about two Texas urban youth paying for sins of they family with many struggles in the  BLMEra  Be ready for the next hit ,7.0,1.0
FASHION,CHILDRENSWEAR,FAILED,1,500.0,1.0,False,False,GA,1586430459,2020-04-09 11:07:39,1583323658,2020-03-04 12:07:38,1586430458,2020-04-09 11:07:38,36.0,False,Failed,None,US,FASHION CHILDRENSWEAR,0.0,the United States,en,English,Stylish tie on boot cuffs for infants and babies,I am creating stylish faux leather tie on boot cuffs for babies and infants ,2.0,1.0
FOOD,SMALL BATCH,FAILED,1,18000.0,1.0,False,False,NV,1584069780,2020-03-13 03:23:00,1578939464,2020-01-13 18:17:44,1584069780,2020-03-13 03:23:00,59.0,False,Failed,None,US,FOOD SMALL BATCH,0.0,the United States,en,English,CoCoMoes Sauce and Rub Launch ,CoCoMoes has developed a line of sauces and rubs that we want to bring to market ,8.0,1.0
TECHNOLOGY,SOFTWARE,FAILED,1,138900.0,1.0,False,False,NY,1585844543,2020-04-02 16:22:23,1580664143,2020-02-02 17:22:23,1585844543,2020-04-02 16:22:23,60.0,False,Failed,None,US,TECHNOLOGY SOFTWARE,0.0,the United States,en,English,Cybersports XR Esports Platform,We re building an athletically realistic next-generation AR/VR esports platform that will revolutionize sports entertainment & training,10.0,1.0
ART,PERFORMANCE ART,FAILED,2,30000.0,2.0,False,False,NC,1604268000,2020-11-01 22:00:00,1601661536,2020-10-02 17:58:56,1604268000,2020-11-01 22:00:00,30.0,False,Failed,None,US,ART PERFORMANCE ART,0.0,the United States,en,English,Fear  A Human Art,Haunted attractions focused on psychology  technology  creativity and live performances ,9.0,1.0
TECHNOLOGY,3D PRINTING,FAILED,2,10000.0,11.0,False,False,CA,1591238052,2020-06-04 02:34:12,1588646052,2020-05-05 02:34:12,1591238052,2020-06-04 02:34:12,30.0,False,Failed,None,US,TECHNOLOGY 3D PRINTING,0.0,the United States,en,English,(FTP) Free of Touching Pee,Free of Touching Pee  This is a portable tool for personal hygiene and too be respectful to other,7.0,1.0
FILM & VIDEO,WEBSERIES,FAILED,2,2000.0,11.0,False,False,GA,1596126700,2020-07-30 16:31:40,1594701891,2020-07-14 04:44:51,1596126660,2020-07-30 16:31:00,16.0,False,Failed,None,US,FILM & VIDEO WEBSERIES,0.0,the United States,en,English,Ennea-One,A web series based off of the Enneagram Theory ,4.0,1.0
JOURNALISM,PRINT,FAILED,3,6000.0,12.0,False,False,MD,1582134780,2020-02-19 17:53:00,1576974415,2019-12-22 00:26:55,1582134780,2020-02-19 17:53:00,60.0,False,Failed,None,US,JOURNALISM PRINT,0.0,the United States,en,English,Beyond Words- Sending your personal notes after you re gone,A special way for hospice/terminal patients to handwrite future cards to loved ones  These gifts would be delivered after they are gone,6.0,1.0
FILM & VIDEO,FANTASY,FAILED,3,50000.0,18.0,False,False,IN,1585580235,2020-03-30 14:57:15,1580399834,2020-01-30 15:57:14,1585580234,2020-03-30 14:57:14,60.0,False,Failed,None,US,FILM & VIDEO FANTASY,0.0,the United States,en,English,Among Us,A 12 episode a season series about the world of the supernatural focusing on a Vampire named Kavin who struggles with his morality ,9.0,1.0
MUSIC,HIP-HOP,FAILED,2,500.0,21.0,False,False,NY,1606955460,2020-12-03 00:31:00,1601769071,2020-10-03 23:51:11,1606955460,2020-12-03 00:31:00,60.0,False,Failed,None,US,MUSIC HIP-HOP,0.0,the United States,en,English,Natey the Raptor,You ever wondered what would be born if you combined lyrical finess with the force of sixteen nuclear explosions  The raptor was born,2.0,1.0
TECHNOLOGY,GADGETS,FAILED,2,100000.0,26.0,False,False,CA,1595534302,2020-07-23 19:58:22,1591646298,2020-06-08 19:58:18,1595534298,2020-07-23 19:58:18,45.0,False,Failed,None,US,TECHNOLOGY GADGETS,0.0,the United States,en,English,Phone Wireless Charger,Portable wireless phone charger with a variety of covers,10.0,1.0
ART,DIGITAL ART,FAILED,4,270.0,32.0,False,False,ID,1587203685,2020-04-18 09:54:45,1582023285,2020-02-18 10:54:45,1587203685,2020-04-18 09:54:45,60.0,False,Failed,None,US,ART DIGITAL ART,0.0,the United States,en,English,Merpeople Inner Circle Keychains,Acrylic keychains with my artistic representations of Winner s fanbase  InnerCircles ,1.0,1.0
ART,PAINTING,FAILED,3,823.0,35.0,False,False,NM,1582435320,2020-02-23 05:22:00,1580252781,2020-01-28 23:06:21,1582435320,2020-02-23 05:22:00,25.0,False,Failed,None,US,ART PAINTING,0.0,the United States,en,English,Make/100 Whovian TARDIS Inspired Original Stellar Paintings,Shimmering  Glittering Fantastic Acrylic Paintings of the Brilliant Blue Time Traveling Phone Booth flying thru Time and Space,3.0,1.0
TECHNOLOGY,SPACE EXPLORATION,FAILED,2,30000.0,36.0,False,False,NY,1578347259,2020-01-06 21:47:39,1573163259,2019-11-07 21:47:39,1578347259,2020-01-06 21:47:39,60.0,False,Failed,None,US,TECHNOLOGY SPACE EXPLORATION,0.0,the United States,en,English,Bounce Social Media,Travel Companion Application  Event Tracking  and electronic ticketing ,9.0,1.0
CRAFTS,EMBROIDERY,FAILED,3,1000.0,41.0,False,False,UT,1587608693,2020-04-23 02:24:53,1585707893,2020-04-01 02:24:53,1587608693,2020-04-23 02:24:53,22.0,False,Failed,None,US,CRAFTS EMBROIDERY,0.0,the United States,en,English,Embroidery With My Boys,Custom embroidery to grow our business ,3.0,1.0
FOOD,COOKBOOKS,FAILED,4,5000.0,56.0,False,False,UT,1596765607,2020-08-07 02:00:07,1594689226,2020-07-14 01:13:46,1596765600,2020-08-07 02:00:00,24.0,False,Failed,None,US,FOOD COOKBOOKS,0.0,the United States,en,English,Nonstick Knowledge,A cooking series/meal plan for the absolute beginner  the cheap home cook  or the aspiring hobbyist ,6.0,1.0
JOURNALISM,JOURNALISM,FAILED,4,100000.0,62.0,False,False,CA,1604872560,2020-11-08 21:56:00,1599684960,2020-09-09 20:56:00,1604872560,2020-11-08 21:56:00,60.0,False,Failed,None,US,JOURNALISM JOURNALISM,0.0,the United States,en,English,The Journal of Cannabinoid Medicine,The Journal of Cannabinoid Medicine provides a platform for researchers to disseminate empirical research findings ,10.0,1.0
FILM & VIDEO,FAMILY,FAILED,4,3000.0,91.0,False,False,TN,1602910740,2020-10-17 04:59:00,1598306971,2020-08-24 22:09:31,1602910740,2020-10-17 04:59:00,53.0,False,Failed,None,US,FILM & VIDEO FAMILY,0.0,the United States,en,English,Heroes Immortal  The Story of the Four Chaplains,Factual account from WWII about self-sacrifice  patriotism  faith  family  and brotherhood,5.0,1.0
ART,INSTALLATIONS,FAILED,4,5000.0,100.0,False,False,CA,1591070401,2020-06-02 04:00:01,1586761311,2020-04-13 07:01:51,1591070400,2020-06-02 04:00:00,50.0,False,Failed,None,US,ART INSTALLATIONS,0.0,the United States,en,English,Donut Interactive Pop-Up Museum,A brand new Donut experience giving you all the pleasure of a Donut  without the guilt ,6.0,2.0
TECHNOLOGY,APPS,FAILED,7,21600.0,124.0,False,False,TX,1588940352,2020-05-08 12:19:12,1583756351,2020-03-09 12:19:11,1588940351,2020-05-08 12:19:11,60.0,False,Failed,None,US,TECHNOLOGY APPS,0.0,the United States,en,English,How Funny Are You  - Check your HumorQ,I created an app called HumorQ   It s a fun and scientific way to put a number on how funny you are ,9.0,2.0
ART,DIGITAL ART,FAILED,10,1700.0,126.0,False,False,CA,1583294377,2020-03-04 03:59:37,1579406377,2020-01-19 03:59:37,1583294377,2020-03-04 03:59:37,45.0,False,Failed,None,US,ART DIGITAL ART,0.0,the United States,en,English,Sugar Highness Limited Edition Valentine s Day Enamel Pins,Sugar Highness presents Valentine s Day Limited Edition Pins ,4.0,2.0
FOOD,FOOD TRUCKS,FAILED,5,1000.0,161.0,False,False,UT,1579448943,2020-01-19 15:49:03,1574264943,2019-11-20 15:49:03,1579448943,2020-01-19 15:49:03,60.0,False,Failed,None,US,FOOD FOOD TRUCKS,0.0,the United States,en,English,Bitsy’s Brew,A drive up beverage shop focused on uniquely infused  flavorful  custom coffees  teas and other beverages ,3.0,2.0
TECHNOLOGY,APPS,FAILED,3,15000.0,161.0,False,False,MD,1580998057,2020-02-06 14:07:37,1575814057,2019-12-08 14:07:37,1580998057,2020-02-06 14:07:37,60.0,False,Failed,None,US,TECHNOLOGY APPS,0.0,the United States,en,English,GoalGetter,GoalGetter is an app that gives students points for getting good grades that can be traded in for rewards ,8.0,2.0
CRAFTS,CROCHET,FAILED,4,1785.395475,179.4608115651,False,False,CA,1592955188,2020-06-23 23:33:08,1590363188,2020-05-24 23:33:08,1592955188,2020-06-23 23:33:08,30.0,False,Failed,None,US,CRAFTS CROCHET,0.0,Canada,en,English,hookin  sheep  Wrap up in natural warmth and imagination,All natural handmade hooded blankets - but not just any plain old hood  These hoods depict animals like bears  raccoons and sloths,4.0,2.0
ART,ILLUSTRATION,SUCCESSFUL,4,150.0,277.0,True,False,CA,1593384453,2020-06-28 22:47:33,1592174852,2020-06-14 22:47:32,1593384452,2020-06-28 22:47:32,14.0,True,Success,Spotlight,US,ART ILLUSTRATION,277.0,the United States,en,English,There be Dragons  Art Prints,A selection of dragon illustrations and art prints,1.0,2.0
GAMES,PUZZLES,FAILED,11,2500.0,296.0,False,False,CA,1577418046,2019-12-27 03:40:46,1574826046,2019-11-27 03:40:46,1577418046,2019-12-27 03:40:46,30.0,False,Failed,None,US,GAMES PUZZLES,0.0,the United States,en,English,3D Cannon Puzzle,Here is a very Fine and Unique 3D Puzzle  Level of difficulty is 4 8/5  You will want to finish it once you will start solving it ,4.0,2.0
FASHION,ACCESSORIES,SUCCESSFUL,11,300.0,305.0,True,False,CA,1601263800,2020-09-28 03:30:00,1598411419,2020-08-26 03:10:19,1601263800,2020-09-28 03:30:00,33.0,True,Success,Spotlight,US,FASHION ACCESSORIES,305.0,the United States,en,English,Tokyo Mew Mew Uniform Pins,A childhood dream coming to life ,1.0,2.0
COMICS,COMIC BOOKS,SUCCESSFUL,12,250.0,321.0,True,False,NY,1603756445,2020-10-26 23:54:05,1598572445,2020-08-27 23:54:05,1603756445,2020-10-26 23:54:05,60.0,True,Success,Spotlight,US,COMICS COMIC BOOKS,321.0,the United States,en,English,Undercover Super Villain,A 13-year-old nerd goes undercover as a super villain to figure out who is the mole in the Hero Brigade Force ,1.0,2.0
FILM & VIDEO,WEBSERIES,FAILED,10,5000.0,325.0,False,False,TX,1604412984,2020-11-03 14:16:24,1600120442,2020-09-14 21:54:02,1604383140,2020-11-03 05:59:00,49.0,False,Failed,None,US,FILM & VIDEO WEBSERIES,0.0,the United States,en,English,A Milli Series,A web-series in Dallas  Texas about how millennials [Chameleons] conform to societies norms while basing progression on outside sources,6.0,2.0
ART,ILLUSTRATION,SUCCESSFUL,10,250.0,327.0,True,False,CA,1601017427,2020-09-25 07:03:47,1597561427,2020-08-16 07:03:47,1601017427,2020-09-25 07:03:47,40.0,True,Success,Spotlight,US,ART ILLUSTRATION,327.0,the United States,en,English,Kingdom Hearts chibi chains,Your favorite trios are available to collect as adorable two sided key chains  stickers  or both   End date  12 00 am PST  September 25,1.0,2.0
TECHNOLOGY,HARDWARE,FAILED,10,150000.0,356.0,False,False,NY,1606885140,2020-12-02 04:59:00,1604237158,2020-11-01 13:25:58,1606885140,2020-12-02 04:59:00,31.0,False,Failed,None,US,TECHNOLOGY HARDWARE,0.0,the United States,en,English,Klip 64,Just klip  click  and play ,10.0,2.0
DESIGN,GRAPHIC DESIGN,SUCCESSFUL,20,250.0,358.0,True,False,NY,1601568002,2020-10-01 16:00:02,1599008678,2020-09-02 01:04:38,1601568000,2020-10-01 16:00:00,30.0,True,Success,Spotlight,US,DESIGN GRAPHIC DESIGN,358.0,the United States,en,English,Mail the Vote,ENDING SOON  Election Day can t be a super-spreader ,1.0,2.0
FASHION,ACCESSORIES,SUCCESSFUL,29,400.0,459.0,True,False,AL,1593608400,2020-07-01 13:00:00,1592665179,2020-06-20 14:59:39,1593608400,2020-07-01 13:00:00,11.0,True,Success,Spotlight,US,FASHION ACCESSORIES,459.0,the United States,en,English,Sweet paw friends   enamel pins,Set of cute animal pins  great for any tea party ,1.0,2.0
PUBLISHING,FICTION,SUCCESSFUL,32,500.0,510.0,True,False,TX,1600387201,2020-09-18 00:00:01,1598353672,2020-08-25 11:07:52,1600387200,2020-09-18 00:00:00,24.0,True,Success,Spotlight,US,PUBLISHING FICTION,510.0,the United States,en,English,Time Spells,A collection of ten spellbinding short story romances featuring modern women who discover the Past is Real,2.0,2.0
FASHION,APPAREL,SUCCESSFUL,8,535.0,541.0,True,False,CA,1582610170,2020-02-25 05:56:10,1580018170,2020-01-26 05:56:10,1582610170,2020-02-25 05:56:10,30.0,True,Success,Spotlight,US,FASHION APPAREL,541.0,the United States,en,English,Make 100 - Welding-Themed T-Shirts  Made in the USA,Show off your love of bonding metals and help grow the welding community by picking up one of these sweet Ts (or a sticker ),2.0,2.0
ART,ILLUSTRATION,SUCCESSFUL,19,500.0,542.0,True,False,FL,1580711862,2020-02-03 06:37:42,1578119862,2020-01-04 06:37:42,1580711862,2020-02-03 06:37:42,30.0,True,Success,Spotlight,US,ART ILLUSTRATION,542.0,the United States,en,English,Oracle Animal Cards Enamel Pins,6 Oracle Animal Cards Enamel Pins Including  The Rat  The Unicorn  The Owl  The Cat  The Snake and The Crow,2.0,2.0
COMICS,COMIC BOOKS,SUCCESSFUL,21,500.0,554.0,True,False,CA,1593015184,2020-06-24 16:13:04,1590423184,2020-05-25 16:13:04,1593015184,2020-06-24 16:13:04,30.0,True,Success,Spotlight,US,COMICS COMIC BOOKS,554.0,the United States,en,English,Kich & Bleus Comics - Issue  1 - A comic for the Weird kids,Kich & Bleus  1 is a full-colored 18-page comic book about the main characters Kich and Bleus and the adventures they get into  All Age,2.0,2.0
GAMES,LIVE GAMES,FAILED,6,15000.0,613.0,False,False,WA,1585239546,2020-03-26 16:19:06,1582651146,2020-02-25 17:19:06,1585239546,2020-03-26 16:19:06,30.0,False,Failed,None,US,GAMES LIVE GAMES,0.0,the United States,en,English,Treasure of the Northwest,A book of clues that lead to a hidden treasure ,8.0,2.0
FOOD,DRINKS,FAILED,9,15500.0,661.0,False,False,AL,1599697081,2020-09-10 00:18:01,1597105081,2020-08-11 00:18:01,1599697081,2020-09-10 00:18:01,30.0,False,Failed,None,US,FOOD DRINKS,0.0,the United States,en,English,Sweet Home Spirits,Sweet Home Spirits is a Spirits maker founded in Bluff Park  Alabama  And we wish to launch Sweet Home Whiskey and Sweet Home Vodka ,8.0,2.0
FOOD,SMALL BATCH,FAILED,16,2500.0,662.0,False,False,VA,1580674444,2020-02-02 20:14:04,1575490443,2019-12-04 20:14:03,1580674443,2020-02-02 20:14:03,60.0,False,Failed,None,US,FOOD SMALL BATCH,0.0,the United States,en,English,Windchaser Meadery,Honey Mead made from selectively sourced honey,4.0,2.0
ART,DIGITAL ART,SUCCESSFUL,27,330.0,680.0,True,False,CA,1580975940,2020-02-06 07:59:00,1579248001,2020-01-17 08:00:01,1580975940,2020-02-06 07:59:00,20.0,True,Success,Spotlight,US,ART DIGITAL ART,680.0,the United States,en,English,Mini Moo Hard Enamel Pin and Vinyl Sticker,Show your love for Mamamoo (or radishes lol) with this cute radish enamel pin and vinyl sticker ,1.0,2.0
COMICS,GRAPHIC NOVELS,FAILED,7,5000.0,689.0,False,True,NJ,1585541720,2020-03-30 04:15:20,1582348520,2020-02-22 05:15:20,1585541720,2020-03-30 04:15:20,37.0,False,Failed,StaffPick,US,COMICS GRAPHIC NOVELS,0.0,the United States,en,English,How to Cuss at Anyone,A graphic novel about teenagers  slang  art class  crushes  zines  conspiracy and rebellion  Wicked sense of humor throughout ,6.0,3.0
ART,DIGITAL ART,FAILED,11,1000.0,703.0,False,False,MI,1596646898,2020-08-05 17:01:38,1594054887,2020-07-06 17:01:27,1596646887,2020-08-05 17:01:27,30.0,False,Failed,None,US,ART DIGITAL ART,0.0,the United States,en,English,Girls  Frontline cat charms ,Carry your favorite T-Doll around with you  but as a cute cat  Don t worry commander  they re well behaved (for the most part),3.0,3.0
FILM & VIDEO,HORROR,SUCCESSFUL,18,500.0,723.5,True,False,AL,1604034000,2020-10-30 05:00:00,1602807865,2020-10-16 00:24:25,1604034000,2020-10-30 05:00:00,14.0,True,Success,Spotlight,US,FILM & VIDEO HORROR,723.5,the United States,en,English,Absolute Zero,A horror short film following two friends who will  see and be seen  by the paranormal entities in a small southern town ,2.0,3.0
FASHION,ACCESSORIES,SUCCESSFUL,33,550.0,765.0,True,False,AZ,1604610320,2020-11-05 21:05:20,1602014719,2020-10-06 20:05:19,1604610319,2020-11-05 21:05:19,30.0,True,Success,Spotlight,US,FASHION ACCESSORIES,765.0,the United States,en,English,Baby Fantasy Creature Enamel Pins,A collection of hard enamel pins featuring baby fantasy animals - Dragon  Unicorn  and Griffon,2.0,3.0
MUSIC,ROCK,SUCCESSFUL,31,750.0,788.0,True,False,PA,1606689652,2020-11-29 22:40:52,1604094052,2020-10-30 21:40:52,1606689652,2020-11-29 22:40:52,30.0,True,Success,Spotlight,US,MUSIC ROCK,788.0,the United States,en,English,Needless Ghost 10 Inch Vinyl Pressing,Vinyl pressing of a two song single by Needless Ghost,2.0,3.0
FASHION,ACCESSORIES,SUCCESSFUL,38,500.0,795.0,True,False,AZ,1583593254,2020-03-07 15:00:54,1582297254,2020-02-21 15:00:54,1583593254,2020-03-07 15:00:54,15.0,True,Success,Spotlight,US,FASHION ACCESSORIES,795.0,the United States,en,English,Whale Family  Enamel Pin Set,A mother humpback whale and it’s calf  together as an enamel pin set  Whales ,2.0,3.0
FILM & VIDEO,THRILLERS,SUCCESSFUL,14,500.0,801.0,True,False,IL,1585112400,2020-03-25 05:00:00,1583172711,2020-03-02 18:11:51,1585112400,2020-03-25 05:00:00,22.0,True,Success,Spotlight,US,FILM & VIDEO THRILLERS,801.0,the United States,en,English,An American Family,A short film about a man on the brink of suicide who reflects on his highly dysfunctional American family ,2.0,3.0
THEATER,PLAYS,SUCCESSFUL,38,800.0,803.0,True,False,CA,1585972800,2020-04-04 04:00:00,1581565729,2020-02-13 03:48:49,1585972800,2020-04-04 04:00:00,51.0,True,Success,Spotlight,US,THEATER PLAYS,803.0,the United States,en,English,Two Gentlemen of Verona,An abridged production of William Shakespeare s  Two Gentlemen of Verona  adapted for a modern audience ,2.0,3.0
MUSIC,INDIE ROCK,SUCCESSFUL,40,500.0,820.0,True,False,TN,1584932071,2020-03-23 02:54:31,1582343671,2020-02-22 03:54:31,1584932071,2020-03-23 02:54:31,30.0,True,Success,Spotlight,US,MUSIC INDIE ROCK,820.0,the United States,en,English,Take it Over with The First Rays,We are an Indie Rock Band inspired by video games  such as Guitar Hero  looking to influence the music industry and Take It Over ,2.0,3.0
COMICS,COMIC BOOKS,SUCCESSFUL,63,100.0,876.0,True,False,MI,1596081884,2020-07-30 04:04:44,1595217884,2020-07-20 04:04:44,1596081884,2020-07-30 04:04:44,10.0,True,Success,Spotlight,US,COMICS COMIC BOOKS,876.0,the United States,en,English,Rumble Kings  1 &  2 Catch Up ,Your chance to catch up on Rumble Kings  1 &  2 ,1.0,3.0
TECHNOLOGY,APPS,FAILED,16,10000.0,886.0,False,False,IL,1592285983,2020-06-16 05:39:43,1589261981,2020-05-12 05:39:41,1592285981,2020-06-16 05:39:41,35.0,False,Failed,None,US,TECHNOLOGY APPS,0.0,the United States,en,English,Your beauty products  on your time,A mobile app to get your hair and cosmetic products delivered in one hour or less ,7.0,3.0
COMICS,COMIC BOOKS,SUCCESSFUL,33,800.0,903.0,True,False,IN,1577822698,2019-12-31 20:04:58,1575230698,2019-12-01 20:04:58,1577822698,2019-12-31 20:04:58,30.0,True,Success,Spotlight,US,COMICS COMIC BOOKS,903.0,the United States,en,English,Freedom Fighter  UNITY Reborn  Part One,UNITY REBORN  Part One -  It s the Milestone 10th Issue for our comic book series ,2.0,3.0
TECHNOLOGY,APPS,FAILED,6,9500.0,951.0,False,False,VA,1581626881,2020-02-13 20:48:01,1577738881,2019-12-30 20:48:01,1581626881,2020-02-13 20:48:01,45.0,False,Failed,None,US,TECHNOLOGY APPS,0.0,the United States,en,English,The Good Stuff App Fostering Positivity Through Social Media,Social media can be a force for good  We at the Good Stuff App are working to make that happen ,7.0,3.0
FASHION,FASHION,SUCCESSFUL,24,324.0,974.0,True,False,CA,1596420000,2020-08-03 02:00:00,1594495317,2020-07-11 19:21:57,1596420000,2020-08-03 02:00:00,22.0,True,Success,Spotlight,US,FASHION FASHION,974.0,the United States,en,English,Yamakopter   The Original Propeller Kippah,A novelty Jewish Kippah with a propeller ,1.0,3.0
ART,DIGITAL ART,SUCCESSFUL,34,300.0,1000.12,True,False,CA,1584925201,2020-03-23 01:00:01,1582336801,2020-02-22 02:00:01,1584925201,2020-03-23 01:00:01,30.0,True,Success,Spotlight,US,ART DIGITAL ART,1000.12,the United States,en,English,Echo s Shirt Kickstarter,I m making a shirt  And I need you to buy one ,1.0,3.0
COMICS,COMIC BOOKS,SUCCESSFUL,32,1000.0,1000.95,True,False,NE,1597331940,2020-08-13 15:19:00,1592365854,2020-06-17 03:50:54,1597331940,2020-08-13 15:19:00,57.0,True,Success,Spotlight,US,COMICS COMIC BOOKS,1000.95,the United States,en,English,Lenny Vernon  Badass Trucker and The Colty Saga,OMUG brings you the Colty Saga  Issues 9 10  and 11 of Lenny Vernon  Badass Trucker will be released at the end of 2020 ,3.0,3.0
FOOD,DRINKS,SUCCESSFUL,15,750.0,1009.77,True,False,HI,1578780000,2020-01-11 22:00:00,1577518512,2019-12-28 07:35:12,1578780000,2020-01-11 22:00:00,15.0,True,Success,Spotlight,US,FOOD DRINKS,1009.77,the United States,en,English,Bringing Hawaiian Coffee to Brewers Cup 2020,Support bringing amazing Hawaiian coffee to Brewers Cup Qualifiers in Nashville this January ,2.0,3.0
MUSIC,COUNTRY & FOLK,SUCCESSFUL,28,1000.0,1086.0,True,False,IL,1585155600,2020-03-25 17:00:00,1581288654,2020-02-09 22:50:54,1585155600,2020-03-25 17:00:00,45.0,True,Success,Spotlight,US,MUSIC COUNTRY & FOLK,1086.0,the United States,en,English, Make Your Own Fun   a new record by Timothy Crosby,Pre-order  Make Your Own Fun   the new record by Americana songwriter and performer Timothy Crosby ,3.0,3.0
CRAFTS,STATIONERY,SUCCESSFUL,24,100.0,1087.0,True,False,VA,1607057940,2020-12-04 04:59:00,1604542278,2020-11-05 02:11:18,1607057940,2020-12-04 04:59:00,29.0,True,Success,Spotlight,US,CRAFTS STATIONERY,1087.0,the United States,en,English,Mountain Stationery,Hand-made greeting cards celebrating the outdoors  and our connection to the natural world in an artisan  northwest style ,1.0,3.0
DESIGN,PRODUCT DESIGN,SUCCESSFUL,51,450.0,1088.0,True,False,NY,1594602000,2020-07-13 01:00:00,1592586024,2020-06-19 17:00:24,1594602000,2020-07-13 01:00:00,23.0,True,Success,Spotlight,US,DESIGN PRODUCT DESIGN,1088.0,the United States,en,English,Furbs and Friends  An Enamel Pin Campaign,An enamel pin series inspired by 90s toys,2.0,3.0
DESIGN,PRODUCT DESIGN,SUCCESSFUL,10,800.0,1113.0,True,True,NY,1602339601,2020-10-10 14:20:01,1600950362,2020-09-24 12:26:02,1602339600,2020-10-10 14:20:00,16.0,True,Success,Both,US,DESIGN PRODUCT DESIGN,1113.0,the United States,en,English,Gold Clutch bag weaved of cassette tapes,A physical Christmas song to your loved one this holiday season ,2.0,3.0
ART,PUBLIC ART,SUCCESSFUL,11,1000.0,1115.0,True,False,CA,1577937600,2020-01-02 04:00:00,1576097414,2019-12-11 20:50:14,1577937600,2020-01-02 04:00:00,21.0,True,Success,Spotlight,US,ART PUBLIC ART,1115.0,the United States,en,English,L U P E R C A L mobile art platform,Transforming a Rusty Old Trailer into an Open Art Gallery,3.0,3.0
TECHNOLOGY,HARDWARE,FAILED,12,25000.0,1200.0,False,False,CA,1603958741,2020-10-29 08:05:41,1601366741,2020-09-29 08:05:41,1603958741,2020-10-29 08:05:41,30.0,False,Failed,None,US,TECHNOLOGY HARDWARE,0.0,the United States,en,English,Cinch - The Telescoping Coupling for Prototyping,A simple system to create telescoping poles from electrical conduit ,9.0,3.0
JOURNALISM,WEB,FAILED,17,55000.0,1242.0,False,False,WA,1598653888,2020-08-28 22:31:28,1596061888,2020-07-29 22:31:28,1598653888,2020-08-28 22:31:28,30.0,False,Failed,None,US,JOURNALISM WEB,0.0,the United States,en,English,Et Toile,An online publication that will feature articles about travel  arts  culture  weddings  lifestyle etc ,10.0,3.0
FILM & VIDEO,FAMILY,SUCCESSFUL,44,1100.0,1345.0,True,False,NY,1603988360,2020-10-29 16:19:20,1601396360,2020-09-29 16:19:20,1603988360,2020-10-29 16:19:20,30.0,True,Success,Spotlight,US,FILM & VIDEO FAMILY,1345.0,the United States,en,English,Music Licensing for the Broad Release of  How You Are to Me ,One thing holding us back and just $10 and passing along the word can make the difference ,3.0,3.0
COMICS,COMIC BOOKS,SUCCESSFUL,79,750.0,1386.0,True,False,WA,1594076429,2020-07-06 23:00:29,1592780429,2020-06-21 23:00:29,1594076429,2020-07-06 23:00:29,15.0,True,Success,Spotlight,US,COMICS COMIC BOOKS,1386.0,the United States,en,English,The Middle Ground Issue 1,Native American and European demons fight for control of the New World,2.0,3.0
FASHION,ACCESSORIES,SUCCESSFUL,59,500.0,1451.0,True,False,NY,1585241246,2020-03-26 16:47:26,1584031646,2020-03-12 16:47:26,1585241246,2020-03-26 16:47:26,14.0,True,Success,Spotlight,US,FASHION ACCESSORIES,1451.0,the United States,en,English,Owlgon Enamel Pin Quickstarter,A beautiful high quality Enamel pin of a Dragon inspired by the Great Horned Owl ,2.0,3.0
FASHION,ACCESSORIES,SUCCESSFUL,52,300.0,1522.0,True,False,FL,1581199424,2020-02-08 22:03:44,1578607424,2020-01-09 22:03:44,1581199424,2020-02-08 22:03:44,30.0,True,Success,Spotlight,US,FASHION ACCESSORIES,1522.0,the United States,en,English,❀Little Pins of Horrors❀ A Musical-Inspired Pin Series,A Hard-Enamel Pin Series inspired by the Macabre Musical  Little Shop of Horrors,1.0,4.0
FASHION,ACCESSORIES,SUCCESSFUL,46,590.0,1551.0,True,False,VA,1605706189,2020-11-18 13:29:49,1603110589,2020-10-19 12:29:49,1605706189,2020-11-18 13:29:49,30.0,True,Success,Spotlight,US,FASHION ACCESSORIES,1551.0,the United States,en,English,Burning Up/Growing Back  Enamel Pins,Two enamel pins of death and rebirth featuring a burning stag and floral doe ,2.0,4.0
FOOD,SMALL BATCH,SUCCESSFUL,78,500.0,1572.0,True,False,TN,1602457883,2020-10-11 23:11:23,1598569883,2020-08-27 23:11:23,1602457883,2020-10-11 23:11:23,45.0,True,Success,Spotlight,US,FOOD SMALL BATCH,1572.0,the United States,fr,French,Dough Haven (Revival),Crazy (and unique) cookie dough flavors ,2.0,4.0
ART,DIGITAL ART,SUCCESSFUL,62,450.0,1632.0,True,False,VA,1581094815,2020-02-07 17:00:15,1579021215,2020-01-14 17:00:15,1581094815,2020-02-07 17:00:15,24.0,True,Success,Spotlight,US,ART DIGITAL ART,1632.0,the United States,en,English,BOTW Hard Enamel Pins,Enamel pins based on the two vital stat upgrades in BoTW ,2.0,4.0
MUSIC,COUNTRY & FOLK,SUCCESSFUL,27,1000.0,1667.66,True,False,ME,1593968040,2020-07-05 16:54:00,1591376040,2020-06-05 16:54:00,1593968040,2020-07-05 16:54:00,30.0,True,Success,Spotlight,US,MUSIC COUNTRY & FOLK,1667.66,the United States,en,English,Plague Dad  Sanitized For Your Protection,Songs written and recorded during the ongoing pandemic  in isolation  on acoustic instruments  But make no mistake  they rock ,3.0,4.0
ART,ILLUSTRATION,SUCCESSFUL,36,800.0,1671.0,True,False,SC,1583787607,2020-03-09 21:00:07,1581199207,2020-02-08 22:00:07,1583787607,2020-03-09 21:00:07,30.0,True,Success,Spotlight,US,ART ILLUSTRATION,1671.0,the United States,en,English,Sailor Moon Pinups Inspired Enamel Pins,Sailor Moon Inspired enamel pins,2.0,4.0
ART,ILLUSTRATION,SUCCESSFUL,98,100.0,1692.0,True,False,GA,1588980600,2020-05-08 23:30:00,1588268190,2020-04-30 17:36:30,1588980600,2020-05-08 23:30:00,8.0,True,Success,Spotlight,US,ART ILLUSTRATION,1692.0,the United States,en,English,The Mystery Deck  A 24-Card Oracle Deck,A pocket-sized  24- coin  oracle deck  inspired by Gravity Falls ,1.0,4.0
FASHION,ACCESSORIES,SUCCESSFUL,72,400.0,1693.0,True,False,TN,1580970215,2020-02-06 06:23:35,1578378215,2020-01-07 06:23:35,1580970215,2020-02-06 06:23:35,30.0,True,Success,Spotlight,US,FASHION ACCESSORIES,1693.0,the United States,en,English,Odd Eye Potions - A LOONA-inspired enamel pin set,Magical potion-themed pins inspired by the solo songs of LOONA’s Odd Eye Circle  For potion-lovers and Orbits alike ,1.0,4.0
MUSIC,MUSIC,SUCCESSFUL,21,1500.0,1763.0,True,False,TX,1602702533,2020-10-14 19:08:53,1600110532,2020-09-14 19:08:52,1602702532,2020-10-14 19:08:52,30.0,True,Success,Spotlight,US,MUSIC MUSIC,1763.0,the United States,en,English,Alexandra Debut EP,A fully produced and released multi-track debut EP with original songs ,3.0,4.0
FILM & VIDEO,MUSIC VIDEOS,SUCCESSFUL,27,1901.075625,1903.5774405225,True,False,CA,1605490167,2020-11-16 01:29:27,1602894567,2020-10-17 00:29:27,1605490167,2020-11-16 01:29:27,30.0,True,Success,Spotlight,US,FILM & VIDEO MUSIC VIDEOS,1903.5774405225,Canada,en,English,UPSIDE OF MAYBE music video for  RAINMAKER  featuring OKAMA,The band (Upside of Maybe) would like to create a professional music video for our new song  Rainmaker  ,4.0,4.0
FASHION,ACCESSORIES,SUCCESSFUL,63,400.0,1907.0,True,False,CT,1585841956,2020-04-02 15:39:16,1583253556,2020-03-03 16:39:16,1585841956,2020-04-02 15:39:16,30.0,True,Success,Spotlight,US,FASHION ACCESSORIES,1907.0,the United States,en,English,The Disney Ride Vehicle Pin Project ,Climb onboard with enamel pins of your favorite Disney theme park ride vehicles ,1.0,4.0
ART,ILLUSTRATION,SUCCESSFUL,51,460.0,1937.0,True,False,CT,1582570800,2020-02-24 19:00:00,1580151588,2020-01-27 18:59:48,1582570800,2020-02-24 19:00:00,28.0,True,Success,Spotlight,US,ART ILLUSTRATION,1937.0,the United States,en,English,Magical Medallions  Campus Pride Enamel Pins,A Harry Potter inspired Magical Medallion  Campus Pride enamel pin set  The second set to go with my original Magical Medallions ,2.0,4.0
FASHION,ACCESSORIES,SUCCESSFUL,53,1500.0,2008.0,True,False,NJ,1589060506,2020-05-09 21:41:46,1587764506,2020-04-24 21:41:46,1589060506,2020-05-09 21:41:46,15.0,True,Success,Spotlight,US,FASHION ACCESSORIES,2008.0,the United States,en,English,Make 100   Limited Edition  Rising Phoenix  Jumbo Enamel Pin,A limited edition giant showpiece of an enamel pin - the Phoenix rises from the flames with gemstone eye and a glittering tail ,3.0,4.0
TECHNOLOGY,HARDWARE,SUCCESSFUL,65,1000.0,2025.0,True,False,MA,1606569562,2020-11-28 13:19:22,1603973962,2020-10-29 12:19:22,1606569562,2020-11-28 13:19:22,30.0,True,Success,Spotlight,US,TECHNOLOGY HARDWARE,2025.0,the United States,en,English,PiZ-SuperCap,Resolve Raspberry Pi SD Card Corruption issue using soft Shutdown with a Super Capacitor,3.0,4.0
GAMES,VIDEO GAMES,SUCCESSFUL,73,2000.0,2153.0,True,False,NY,1593576060,2020-07-01 04:01:00,1588895049,2020-05-07 23:44:09,1593576060,2020-07-01 04:01:00,54.0,True,Success,Spotlight,US,GAMES VIDEO GAMES,2153.0,the United States,en,English,RetroBound - Classic Turn-Based RPG Game,Defeat The Evil Vampire Lord Vexx And Restore Peace To RetroBound ,4.0,4.0
COMICS,COMIC BOOKS,SUCCESSFUL,71,2000.0,2174.0,True,True,VA,1599786000,2020-09-11 01:00:00,1597636953,2020-08-17 04:02:33,1599786000,2020-09-11 01:00:00,25.0,True,Success,Both,US,COMICS COMIC BOOKS,2174.0,the United States,en,English,Six-Petal Pyramid Chapter Two,She found a mummy  Now  what  The suspenseful webcomic s second chapter comes to print  But  ultimately  this is a romance   ,4.0,4.0
TECHNOLOGY,APPS,FAILED,9,25000.0,2182.0,False,False,TX,1605518007,2020-11-16 09:13:27,1602922406,2020-10-17 08:13:26,1605518006,2020-11-16 09:13:26,30.0,False,Failed,None,US,TECHNOLOGY APPS,0.0,the United States,en,English,FriendBuks  Achieve Targets  Get Rewarded,The social media app that pays you to achieve your goals ,9.0,4.0
PUBLISHING,CHILDREN'S BOOKS,SUCCESSFUL,13,2200.0,2200.0,True,False,CA,1605635160,2020-11-17 17:46:00,1600447560,2020-09-18 16:46:00,1605635160,2020-11-17 17:46:00,60.0,True,Success,Spotlight,US,PUBLISHING CHILDREN'S BOOKS,2200.0,the United States,en,English,The Adventures of Paris and Cali,The First Day of School,4.0,4.0
MUSIC,WORLD MUSIC,SUCCESSFUL,43,1850.0,2235.0,True,False,NY,1601589788,2020-10-01 22:03:08,1598997687,2020-09-01 22:01:27,1601589687,2020-10-01 22:01:27,30.0,True,Success,Spotlight,US,MUSIC WORLD MUSIC,2235.0,the United States,en,English,New Shakuhachi CD  Inori by Marco Lienhard,A New Shakuhachi CD of beautiful music  time to relax and get some soothing time with soulful music,4.0,4.0
FILM & VIDEO,FANTASY,SUCCESSFUL,19,2250.0,2250.0,True,False,CA,1584546300,2020-03-18 15:45:00,1582084483,2020-02-19 03:54:43,1584546300,2020-03-18 15:45:00,28.0,True,Success,Spotlight,US,FILM & VIDEO FANTASY,2250.0,the United States,en,English,How Do You Want To Do This ,A student short film about a group of close friends playing some Dungeons and Dragons and teleported into the game and must survive,4.0,4.0
FASHION,FOOTWEAR,SUCCESSFUL,35,1370.0,2251.0,True,False,CA,1592982000,2020-06-24 07:00:00,1591244049,2020-06-04 04:14:09,1592982000,2020-06-24 07:00:00,20.0,True,Success,Spotlight,US,FASHION FOOTWEAR,2251.0,the United States,en,English,Designer sneakers made in Italy,BAMF 00 is a unique limited edition shoe concept  it will be available to pre-order for the next 29 days ,3.0,4.0
MUSIC,MUSIC,SUCCESSFUL,18,2300.0,2300.0,True,False,VA,1585254192,2020-03-26 20:23:12,1582665792,2020-02-25 21:23:12,1585254192,2020-03-26 20:23:12,30.0,True,Success,Spotlight,US,MUSIC MUSIC,2300.0,the United States,en,English,Dandelions  An Acoustic Record,An acoustic album,4.0,4.0
COMICS,COMIC BOOKS,SUCCESSFUL,38,2000.0,2462.0,True,False,CO,1586489160,2020-04-10 03:26:00,1583841661,2020-03-10 12:01:01,1586489160,2020-04-10 03:26:00,31.0,True,Success,Spotlight,US,COMICS COMIC BOOKS,2462.0,the United States,en,English,Sheath Issue  8,The 8th issue in the ongoing Sheath Comics series ,4.0,4.0
FASHION,JEWELRY,SUCCESSFUL,21,1000.0,2466.0,True,False,CA,1603243676,2020-10-21 01:27:56,1600651676,2020-09-21 01:27:56,1603243676,2020-10-21 01:27:56,30.0,True,Success,Spotlight,US,FASHION JEWELRY,2466.0,the United States,en,English,The Cosmic Ring,The Cosmic ring is a one of a kind  custom glow stone ring that is out of this world ,3.0,4.0
DESIGN,INTERACTIVE DESIGN,SUCCESSFUL,58,2000.0,2490.0,True,False,OH,1603972801,2020-10-29 12:00:01,1601380801,2020-09-29 12:00:01,1603972801,2020-10-29 12:00:01,30.0,True,Success,Spotlight,US,DESIGN INTERACTIVE DESIGN,2490.0,the United States,en,English,Scratch-off Tarot Reading,A scratch-off tarot card for reading your fate on the go,4.0,4.0
GAMES,GAMING HARDWARE,FAILED,118,8000.0,2578.0,False,False,KS,1586648454,2020-04-11 23:40:54,1583455254,2020-03-06 00:40:54,1586648454,2020-04-11 23:40:54,37.0,False,Failed,None,US,GAMES GAMING HARDWARE,0.0,the United States,en,English,Back Alley Dice Set,A Graffiti-Themed Dice Set for Table-Top Gaming,7.0,4.0
DANCE,PERFORMANCES,FAILED,60,30000.0,2627.0,False,True,NY,1583010032,2020-02-29 21:00:32,1580418031,2020-01-30 21:00:31,1583010031,2020-02-29 21:00:31,30.0,False,Failed,StaffPick,US,DANCE PERFORMANCES,0.0,the United States,en,English,THE D R E A M  RING TOUR 2020,A national flex dance tour including Dream Ring battles  master classes  and a newly crafted production  Flex Ave ,9.0,5.0
GAMES,PLAYING CARDS,FAILED,111,4000.0,2645.0,False,False,KY,1605202110,2020-11-12 17:28:30,1602606510,2020-10-13 16:28:30,1605202110,2020-11-12 17:28:30,30.0,False,Failed,None,US,GAMES PLAYING CARDS,0.0,the United States,en,English,Bicycle Monstrum Playing Cards,The monster is a dangerous form  suspended between forms  that threatens to smash reality ,5.0,5.0
ART,PUBLIC ART,FAILED,55,10000.0,2691.0,False,True,OR,1589559145,2020-05-15 16:12:25,1586362345,2020-04-08 16:12:25,1589559145,2020-05-15 16:12:25,37.0,False,Failed,StaffPick,US,ART PUBLIC ART,0.0,the United States,en,English,Positive Propaganda  Making the world a more positive place ,We practice radical placemaking by putting positive messages into the built environment within cities all over the world ,7.0,5.0
FASHION,FASHION,SUCCESSFUL,40,2500.0,2698.0,True,False,VA,1589601540,2020-05-16 03:59:00,1586208939,2020-04-06 21:35:39,1589601540,2020-05-16 03:59:00,39.0,True,Success,Spotlight,US,FASHION FASHION,2698.0,the United States,en,English,Video Game Inspired Apparel,Animal Crossing Inspired Travel Theme Apparel and Accessories,4.0,5.0
COMICS,COMIC BOOKS,SUCCESSFUL,68,1000.0,2758.0,True,False,VA,1593096213,2020-06-25 14:43:33,1590504212,2020-05-26 14:43:32,1593096212,2020-06-25 14:43:32,30.0,True,Success,Spotlight,US,COMICS COMIC BOOKS,2758.0,the United States,en,English,Nothing-man  5 - SECOND CHANCE CAMPAIGN   ,Supremous becomes even more powerful  Chaotika is off the hook  and Nothing-man finally remembers everything    2nd chance campaign ,3.0,5.0
PHOTOGRAPHY,PEOPLE,SUCCESSFUL,82,2000.0,2793.0,True,False,NY,1582176842,2020-02-20 05:34:02,1580448842,2020-01-31 05:34:02,1582176842,2020-02-20 05:34:02,20.0,True,Success,Spotlight,US,PHOTOGRAPHY PEOPLE,2793.0,the United States,en,English,Team Rockstar - Rockstar Roadtrip 2020 Make 100 Project,A limited run book based on recent Rockstar Roadtrips across the world at large ,4.0,5.0
COMICS,COMIC BOOKS,SUCCESSFUL,55,1200.0,3000.0,True,False,NV,1602814628,2020-10-16 02:17:08,1598926628,2020-09-01 02:17:08,1602814628,2020-10-16 02:17:08,45.0,True,Success,Spotlight,US,COMICS COMIC BOOKS,3000.0,the United States,en,English,ELECTION YEAR  0 - Introducing BOLT & CO,An introduction to your newest favorite characters from the BOLTverse  BOLT & CO s Election Year series is just the beginning for them,3.0,5.0
COMICS,COMIC BOOKS,SUCCESSFUL,140,500.0,3077.0,True,False,VA,1599656402,2020-09-09 13:00:02,1597064402,2020-08-10 13:00:02,1599656402,2020-09-09 13:00:02,30.0,True,Success,Spotlight,US,COMICS COMIC BOOKS,3077.0,the United States,en,English,The Pits  1   Brutal and Action-packed gladiator series,An action packed fantasy tale centered around a girl s tragic loss of her family and her bloody journey toward revenge ,2.0,5.0
FILM & VIDEO,COMEDY,SUCCESSFUL,103,1000.0,3128.0,True,False,MI,1600362658,2020-09-17 17:10:58,1597770658,2020-08-18 17:10:58,1600362658,2020-09-17 17:10:58,30.0,True,Success,Spotlight,US,FILM & VIDEO COMEDY,3128.0,the United States,en,English,Roastmasterpiece Theatre Presents  The Cult of Frankenstein,Addison  Corny  and Reelie write  shoot  edit  and riff on their own Frankenstein film ,3.0,5.0
COMICS,COMIC BOOKS,SUCCESSFUL,120,2000.0,3171.0,True,False,WA,1599980340,2020-09-13 06:59:00,1597411343,2020-08-14 13:22:23,1599980340,2020-09-13 06:59:00,30.0,True,Success,Spotlight,US,COMICS COMIC BOOKS,3171.0,the United States,en,English,Kinetic  Identities  1 - An action packed superhero comic ,A single issue follow up to the superhero series  KINETIC   Johnny developed powers  beat the bad guy  and got the girl - Now what  ,4.0,5.0
COMICS,COMIC BOOKS,SUCCESSFUL,107,1500.0,3235.0,True,False,OR,1599145408,2020-09-03 15:03:28,1595689408,2020-07-25 15:03:28,1599145408,2020-09-03 15:03:28,40.0,True,Success,Spotlight,US,COMICS COMIC BOOKS,3235.0,the United States,en,English,SPIs Among Us - Issue  1,An epic superhero mystery  First issue in an ongoing comic series with exciting new twists on a beloved genre ,3.0,5.0
PHOTOGRAPHY,PHOTOBOOKS,SUCCESSFUL,53,1111.0,3271.0,True,False,NV,1584555061,2020-03-18 18:11:01,1584064229,2020-03-13 01:50:29,1584555060,2020-03-18 18:11:00,6.0,True,Success,Spotlight,US,PHOTOGRAPHY PHOTOBOOKS,3271.0,the United States,en,English,Rumination Volume Five Julie Nude Art Photography,A book of 100+ images exploring the stunning  strong  magical  and beautiful elegance of the female form ,3.0,5.0
FASHION,APPAREL,SUCCESSFUL,109,350.0,3305.0,True,False,TN,1581274801,2020-02-09 19:00:01,1578682801,2020-01-10 19:00:01,1581274801,2020-02-09 19:00:01,30.0,True,Success,Spotlight,US,FASHION APPAREL,3305.0,the United States,en,English,Certified Magical Girl Beanies,Certified Magical Girl Beanies based off my enamel pin series  Sailor Moon  & all things magical  pastel  & kawaii   ♡,1.0,5.0
COMICS,COMIC BOOKS,SUCCESSFUL,94,1300.0,3329.0,True,True,IN,1601955032,2020-10-06 03:30:32,1598931032,2020-09-01 03:30:32,1601955032,2020-10-06 03:30:32,35.0,True,Success,Both,US,COMICS COMIC BOOKS,3329.0,the United States,en,English,VOID BEAST CHAPTER 2   TRAINING GROUND  Void Beast Vol 1,The story of a werewolf begat of the primordial darkness that God split in two form day & night,3.0,5.0
FILM & VIDEO,DOCUMENTARY,SUCCESSFUL,32,3000.0,3336.0,True,False,OR,1586491200,2020-04-10 04:00:00,1584067578,2020-03-13 02:46:18,1586491200,2020-04-10 04:00:00,28.0,True,Success,Spotlight,US,FILM & VIDEO DOCUMENTARY,3336.0,the United States,en,English,14 000 Miles to Chile,An avid surfer and marine biologist embarks on the adventure of a lifetime  14 000 miles of surfing and cleaning beaches on a DR650 ,5.0,5.0
PUBLISHING,FICTION,SUCCESSFUL,42,3250.0,3375.0,True,False,PA,1585969260,2020-04-04 03:01:00,1583260642,2020-03-03 18:37:22,1585969260,2020-04-04 03:01:00,31.0,True,Success,Spotlight,US,PUBLISHING FICTION,3375.0,the United States,en,English,ANOTHER PIECE OF THE PUZZLE  MORE STORIES BY SCOTT YOUNG,The 3rd book of stories bringing Scott Young s Infinite-verse to readers ,5.0,5.0
MUSIC,INDIE ROCK,SUCCESSFUL,69,2000.0,3402.0,True,False,OH,1592622000,2020-06-20 03:00:00,1589327132,2020-05-12 23:45:32,1592622000,2020-06-20 03:00:00,38.0,True,Success,Spotlight,US,MUSIC INDIE ROCK,3402.0,the United States,en,English,Happy Face Ep,Help support Mukiss  first self released EP ,4.0,5.0
COMICS,COMIC BOOKS,SUCCESSFUL,108,555.0,3423.0,True,False,NV,1597681815,2020-08-17 16:30:15,1597077015,2020-08-10 16:30:15,1597681815,2020-08-17 16:30:15,7.0,True,Success,Spotlight,US,COMICS COMIC BOOKS,3423.0,the United States,en,English,Everette Hartsoe s SUPERNATURAL COMICS  1 Horror Anthology,Indie comics maverick Everette Hartsoe teams up with horror screenwriter Dan Wilder to bombard the senses with adult comics,2.0,5.0
FILM & VIDEO,ANIMATION,FAILED,22,40000.0,3488.0,False,False,FL,1604007235,2020-10-29 21:33:55,1601568050,2020-10-01 16:00:50,1604007235,2020-10-29 21:33:55,28.0,False,Failed,None,US,FILM & VIDEO ANIMATION,0.0,the United States,en,English,The King of Ink,A seven-minute animated romantic comedy about tattoos in search of the meaning of life ,9.0,5.0
PUBLISHING,CHILDREN'S BOOKS,SUCCESSFUL,68,2000.0,3563.0,True,True,CA,1596319830,2020-08-01 22:10:30,1591135830,2020-06-02 22:10:30,1596319830,2020-08-01 22:10:30,60.0,True,Success,Both,US,PUBLISHING CHILDREN'S BOOKS,3563.0,the United States,en,English,Tom Woof + Max The Owl,A Children’s Book about Creativity and Community,4.0,5.0
MUSIC,POP,SUCCESSFUL,46,3500.0,3595.99,True,False,TN,1585922294,2020-04-03 13:58:14,1583247494,2020-03-03 14:58:14,1585922294,2020-04-03 13:58:14,31.0,True,Success,Spotlight,US,MUSIC POP,3595.99,the United States,en,English,STONEFISH S 3rd studio album, Vena Cava  is our 3rd album  It includes 8 tracks and is a thematic exploration of change  anxiety  and hope ,5.0,5.0
COMICS,COMIC BOOKS,SUCCESSFUL,108,1500.0,3643.0,True,False,GA,1603863395,2020-10-28 05:36:35,1599975395,2020-09-13 05:36:35,1603863395,2020-10-28 05:36:35,45.0,True,Success,Spotlight,US,COMICS COMIC BOOKS,3643.0,the United States,en,English,Kerra Prime Handbook,A comic book universe handbook for Kerra Prime ,3.0,5.0
MUSIC,WORLD MUSIC,SUCCESSFUL,56,3000.0,3714.0,True,False,NY,1603980480,2020-10-29 14:08:00,1601379483,2020-09-29 11:38:03,1603980480,2020-10-29 14:08:00,30.0,True,Success,Spotlight,US,MUSIC WORLD MUSIC,3714.0,the United States,en,English,Louie Fleck s 2020 album  Magical Realism,An album of new original music in a Reggae style (CD  Vinyl & DIgital),5.0,5.0
PUBLISHING,YOUNG ADULT,SUCCESSFUL,34,3500.0,3735.0,True,False,MO,1594847740,2020-07-15 21:15:40,1592255739,2020-06-15 21:15:39,1594847739,2020-07-15 21:15:39,30.0,True,Success,Spotlight,US,PUBLISHING YOUNG ADULT,3735.0,the United States,en,English,My Invisible Father - a young adult novel,A novel for young adults about 3 teenagers navigating different struggles concerning their fathers  A music project accompanies book ,5.0,5.0
ART,TEXTILES,SUCCESSFUL,83,1100.0,3742.0,True,False,AK,1595811600,2020-07-27 01:00:00,1593733975,2020-07-02 23:52:55,1595811600,2020-07-27 01:00:00,24.0,True,Success,Spotlight,US,ART TEXTILES,3742.0,the United States,en,English,War in the Stars - Hard Enamel Pins,A collection of fandom fantasy hard enamel pins inspired by the Star Wars Universe and creatures ,3.0,5.0
ART,ILLUSTRATION,SUCCESSFUL,82,125.0,3794.0,True,False,WA,1599840194,2020-09-11 16:03:14,1597248194,2020-08-12 16:03:14,1599840194,2020-09-11 16:03:14,30.0,True,Success,Spotlight,US,ART ILLUSTRATION,3794.0,the United States,en,English,NIGHT OF THE LIVING DEAD & THE LAST MAN ON EARTH promo cards,Drive-In Double Feature  NIGHT OF THE LIVING DEAD™ (1968) and THE LAST MAN ON EARTH (1964) promo cards from RJF Image/Design ,1.0,5.0
PHOTOGRAPHY,PLACES,SUCCESSFUL,88,1500.0,3903.0,True,False,MT,1605655749,2020-11-17 23:29:09,1603837749,2020-10-27 22:29:09,1605655749,2020-11-17 23:29:09,21.0,True,Success,Spotlight,US,PHOTOGRAPHY PLACES,3903.0,the United States,en,English,2021  Damn Montana  Why You So Ugly   Calendar,Because let s face it  it s time we put 2020 behind us ,3.0,6.0
PUBLISHING,NONFICTION,SUCCESSFUL,95,3000.0,3955.0,True,False,TX,1602215760,2020-10-09 03:56:00,1599082067,2020-09-02 21:27:47,1602215760,2020-10-09 03:56:00,36.0,True,Success,Spotlight,US,PUBLISHING NONFICTION,3955.0,the United States,en,English,Conducting Chaos  Teaching Improv to Kids and Teens,A manual for teaching ,5.0,6.0
MUSIC,HIP-HOP,SUCCESSFUL,62,3500.0,4078.0,True,True,HI,1607544028,2020-12-09 20:00:28,1604952028,2020-11-09 20:00:28,1607544028,2020-12-09 20:00:28,30.0,True,Success,Both,US,MUSIC HIP-HOP,4078.0,the United States,en,English,Thomas Iannucci s Third Full Length Album,We are now pursuing the following stretch goals  $4500 (colored vinyl)  $5500 (Remix EP)  and $6000 (robust marketing campaign) ,5.0,6.0
MUSIC,POP,SUCCESSFUL,88,4000.0,4120.0,True,False,NY,1594648402,2020-07-13 13:53:22,1589464402,2020-05-14 13:53:22,1594648402,2020-07-13 13:53:22,60.0,True,Success,Spotlight,US,MUSIC POP,4120.0,the United States,en,English,Eleri Ward s 2nd EP & Color of Change,After such a fulfilling release of my debut EP  I’m so ready to get back in the studio with your support ,5.0,6.0
FOOD,FOOD,SUCCESSFUL,118,2500.0,4181.0,True,True,NJ,1592004540,2020-06-12 23:29:00,1588980540,2020-05-08 23:29:00,1592004540,2020-06-12 23:29:00,35.0,True,Success,Both,US,FOOD FOOD,4181.0,the United States,en,English, That Sauce is BS ,Craft hot sauces that change with the season as well as year round flavors  Flavor before heat ,4.0,6.0
DESIGN,PRODUCT DESIGN,SUCCESSFUL,96,1000.0,4360.0,True,False,TN,1604246758,2020-11-01 16:05:58,1599059158,2020-09-02 15:05:58,1604246758,2020-11-01 16:05:58,60.0,True,Success,Spotlight,US,DESIGN PRODUCT DESIGN,4360.0,the United States,en,English,Bearded Roots Test Kits – Single-Ingredient Beard Oils,Test your own Beard Oil Blends  find out what works on your beard  and plant a forest  🌳 By Green Beard Grmng,3.0,6.0
FASHION,APPAREL,SUCCESSFUL,50,4000.0,4475.0,True,False,AZ,1604171238,2020-10-31 19:07:18,1601579238,2020-10-01 19:07:18,1604171238,2020-10-31 19:07:18,30.0,True,Success,Spotlight,US,FASHION APPAREL,4475.0,the United States,en,English,TRIC Clothing Co ,To Rise In Challenge is a brand  lifestyle  mentality  TRIC your mindset to face any challenge in life head on ,5.0,6.0
GAMES,PLAYING CARDS,SUCCESSFUL,83,3700.0,4489.0,True,False,TX,1582847918,2020-02-27 23:58:38,1580342318,2020-01-29 23:58:38,1582847918,2020-02-27 23:58:38,29.0,True,Success,Spotlight,US,GAMES PLAYING CARDS,4489.0,the United States,en,English,Echoes of Nature Oracle,A 72-card tarot oracle deck created from animal and nature paintings,5.0,6.0
PUBLISHING,POETRY,SUCCESSFUL,80,4300.0,4521.0,True,False,NY,1583776021,2020-03-09 17:47:01,1582473463,2020-02-23 15:57:43,1583776020,2020-03-09 17:47:00,15.0,True,Success,Spotlight,US,PUBLISHING POETRY,4521.0,the United States,en,English,Hi Angels Deluxe edition + book tour,A deluxe edition of Hi Angels  Poems by Candystore with artwork by Jerome Caja for the LA Art Book Fair and mini West Coast book tour,5.0,6.0
FILM & VIDEO,COMEDY,FAILED,11,115000.0,4647.0,False,False,OR,1592851591,2020-06-22 18:46:31,1587667582,2020-04-23 18:46:22,1592851582,2020-06-22 18:46:22,60.0,False,Failed,None,US,FILM & VIDEO COMEDY,0.0,the United States,en,English,The Last Blockbuster,A hilarious comedy about the Last Blockbuster on Planet Earth ,10.0,6.0
TECHNOLOGY,TECHNOLOGY,SUCCESSFUL,69,2000.0,4927.0,True,False,NY,1581087609,2020-02-07 15:00:09,1578495609,2020-01-08 15:00:09,1581087609,2020-02-07 15:00:09,30.0,True,Success,Spotlight,US,TECHNOLOGY TECHNOLOGY,4927.0,the United States,en,English,Dr relief  3D Neck Contour Pillow with Air & Water Filling,Height Adjustable Neck & Head Support Breathable Pain Relief Design Washable 3D Airbag For All Sleeping Positions,4.0,6.0
DESIGN,PRODUCT DESIGN,SUCCESSFUL,61,4400.0,4927.45,True,False,CO,1582994407,2020-02-29 16:40:07,1577810406,2019-12-31 16:40:06,1582994406,2020-02-29 16:40:06,60.0,True,Success,Spotlight,US,DESIGN PRODUCT DESIGN,4927.45,the United States,en,English,PolarityGear Best One-Handed Paper Towel Holders,High-tech magnetic discs provide intermittent resistance to help rips sheets of paper ,5.0,6.0
FOOD,RESTAURANTS,SUCCESSFUL,35,5000.0,5031.0,True,False,WI,1577976281,2020-01-02 14:44:41,1575816281,2019-12-08 14:44:41,1577976281,2020-01-02 14:44:41,25.0,True,Success,Spotlight,US,FOOD RESTAURANTS,5031.0,the United States,en,English,Little Sprouts Play Cafe in Mequon ,We re stretching the reach of our parenting & family community into Ozaukee County  Help us amp up our offerings for this new location ,6.0,6.0
MUSIC,COUNTRY & FOLK,SUCCESSFUL,15,5000.0,5076.0,True,False,TX,1582869601,2020-02-28 06:00:01,1577874632,2020-01-01 10:30:32,1582869600,2020-02-28 06:00:00,58.0,True,Success,Spotlight,US,MUSIC COUNTRY & FOLK,5076.0,the United States,en,English,Help Dayne Record “A Tale Of The Modern West” ,A two-part LP that tells a story with vivid imagery and re-occurring themes of a boy-turned man and drunkard in a modern “West” ,6.0,6.0
FILM & VIDEO,HORROR,SUCCESSFUL,56,5000.0,5093.0,True,False,NE,1600552643,2020-09-19 21:57:23,1596664643,2020-08-05 21:57:23,1600552643,2020-09-19 21:57:23,45.0,True,Success,Spotlight,US,FILM & VIDEO HORROR,5093.0,the United States,en,English,After School Lunch Special II  Sloppy Seconds,An epic sequel to the film After School Lunch Special ,6.0,6.0
TECHNOLOGY,3D PRINTING,SUCCESSFUL,146,915.0,5148.0,True,False,WA,1600909200,2020-09-24 01:00:00,1596146166,2020-07-30 21:56:06,1600909200,2020-09-24 01:00:00,55.0,True,Success,Spotlight,US,TECHNOLOGY 3D PRINTING,5148.0,the United States,en,English,How to Optimize 3D Prints,New Course That Makes It Easy for Anyone to Improve Their 3D Print Quality,3.0,6.0
MUSIC,WORLD MUSIC,SUCCESSFUL,50,5000.0,5158.0,True,False,PA,1590368400,2020-05-25 01:00:00,1586917691,2020-04-15 02:28:11,1590368400,2020-05-25 01:00:00,40.0,True,Success,Spotlight,US,MUSIC WORLD MUSIC,5158.0,the United States,en,English,Wisdom Path,10 tracks of music molded from my experiences traveling around the world and from a collaboration with my musical hero  Steve Shehan ,6.0,6.0
FOOD,FOOD,SUCCESSFUL,146,3500.0,5171.0,True,False,WA,1577583461,2019-12-29 01:37:41,1572395860,2019-10-30 00:37:40,1577583460,2019-12-29 01:37:40,60.0,True,Success,Spotlight,US,FOOD FOOD,5171.0,the United States,en,English,2 Angry Cats Hot Sauce,2 Angry Cats aims to bring a hot sauce that packs in the flavor but delivers the heat ,5.0,6.0
MUSIC,MUSIC,SUCCESSFUL,60,2000.0,5215.0,True,False,CA,1605232500,2020-11-13 01:55:00,1602458759,2020-10-11 23:25:59,1605232500,2020-11-13 01:55:00,32.0,True,Success,Spotlight,US,MUSIC MUSIC,5215.0,the United States,en,English,Joya Soul s Eudaimonia EP,After a decade of writing songs  help Joya Soul complete her debut EP of life-affirming  posi-pop music ,4.0,6.0
FASHION,CHILDRENSWEAR,SUCCESSFUL,51,5000.0,5303.0,True,False,CA,1604681994,2020-11-06 16:59:54,1602086392,2020-10-07 15:59:52,1604681992,2020-11-06 16:59:52,30.0,True,Success,Spotlight,US,FASHION CHILDRENSWEAR,5303.0,the United States,en,English,Wings Of Worth  An Uplifting Groovy Apparel Brand For Girls ,A Young Girls Fashion Brand Promoting Positive Self Worth ,6.0,6.0
PHOTOGRAPHY,PHOTOBOOKS,SUCCESSFUL,91,1111.0,5383.0,True,False,NV,1601316661,2020-09-28 18:11:01,1600723377,2020-09-21 21:22:57,1601316660,2020-09-28 18:11:00,7.0,True,Success,Spotlight,US,PHOTOGRAPHY PHOTOBOOKS,5383.0,the United States,en,English,Rumination Volume NINE Nastasia Art Nude Photobook,Rumination Volume Nine  Nastasia  A beautiful Russian Dancer with elegance and magnetism  Photobook signed and numbered to 100 ,3.0,6.0
COMICS,ANTHOLOGIES,SUCCESSFUL,180,2500.0,5397.0,True,False,MA,1581261693,2020-02-09 15:21:33,1578669693,2020-01-10 15:21:33,1581261693,2020-02-09 15:21:33,30.0,True,Success,Spotlight,US,COMICS ANTHOLOGIES,5397.0,the United States,en,English,Make 100  Weird Futures,A Short Sci-Fi Risograph Anthology,4.0,6.0
ART,ILLUSTRATION,SUCCESSFUL,85,666.0,5479.0,True,False,FL,1593057540,2020-06-25 03:59:00,1590422475,2020-05-25 16:01:15,1593057540,2020-06-25 03:59:00,30.0,True,Success,Spotlight,US,ART ILLUSTRATION,5479.0,the United States,en,English,Horrible Ugly Monsters Trading Cards THE SET & WAX BOXES,A trading card series of Horrible Ugly Monsters  resurrected from the grave and brought back to life to Thrill & Chill collectors ,2.0,6.0
PHOTOGRAPHY,PHOTOBOOKS,SUCCESSFUL,83,1111.0,5543.0,True,False,NV,1590084662,2020-05-21 18:11:02,1589393469,2020-05-13 18:11:09,1590084660,2020-05-21 18:11:00,8.0,True,Success,Spotlight,US,PHOTOGRAPHY PHOTOBOOKS,5543.0,the United States,en,English,Rumination Six Debora Art Nude Photobook,Rumination Debora is an elegant photography book exploring the female form in Intriguing images with a Brazilian beauty  Limited to 100,3.0,6.0
ART,ILLUSTRATION,SUCCESSFUL,57,5000.0,5627.0,True,False,GA,1593605260,2020-07-01 12:07:40,1591013260,2020-06-01 12:07:40,1593605260,2020-07-01 12:07:40,30.0,True,Success,Spotlight,US,ART ILLUSTRATION,5627.0,the United States,en,English,The Hero,A children s book in full color   It is written and illustrated by me ,6.0,6.0
FASHION,COUTURE,SUCCESSFUL,43,5500.0,5642.0,True,False,MN,1583764563,2020-03-09 14:36:03,1582558563,2020-02-24 15:36:03,1583764563,2020-03-09 14:36:03,14.0,True,Success,Spotlight,US,FASHION COUTURE,5642.0,the United States,en,English,Witchy Collection Goth fantastical fashion created ethically,Witchy Fashion  Fashion is Power  Fashion is your ability to establish yourself  with confidence and style ,6.0,7.0
PHOTOGRAPHY,PHOTOBOOKS,SUCCESSFUL,99,1111.0,5836.0,True,False,NV,1608059460,2020-12-15 19:11:00,1607376064,2020-12-07 21:21:04,1608059460,2020-12-15 19:11:00,8.0,True,Success,Spotlight,US,PHOTOGRAPHY PHOTOBOOKS,5836.0,the United States,en,English,Rumination Volume ELEVEN ANA Art Nude Photobook,A meditation on the female form  celebrating a natural beauty outside  Ana is a sophisticated ballerina with magnetism Limited MAKE 100,3.0,7.0
DESIGN,PRODUCT DESIGN,SUCCESSFUL,71,4000.0,5913.0,True,False,WA,1591812360,2020-06-10 18:06:00,1588817996,2020-05-07 02:19:56,1591812360,2020-06-10 18:06:00,35.0,True,Success,Spotlight,US,DESIGN PRODUCT DESIGN,5913.0,the United States,en,English,Sleek Minimalist Watches by Altair,Altair Watches  Integrating high quality materials with a crisp minimalistic finish to delicately balance elegance and affordability ,5.0,7.0
MUSIC,COUNTRY & FOLK,SUCCESSFUL,142,5000.0,6000.0,True,True,PA,1577854805,2020-01-01 05:00:05,1575262805,2019-12-02 05:00:05,1577854805,2020-01-01 05:00:05,30.0,True,Success,Both,US,MUSIC COUNTRY & FOLK,6000.0,the United States,en,English,Bardy Pardy s Debut CD,Renaissance-faire based folk trio  Bardy Pardy  is looking to record our debut CD ,6.0,7.0
PUBLISHING,CHILDREN'S BOOKS,SUCCESSFUL,43,6000.0,6021.0,True,False,FL,1606407781,2020-11-26 16:23:01,1602084181,2020-10-07 15:23:01,1606407781,2020-11-26 16:23:01,50.0,True,Success,Spotlight,US,PUBLISHING CHILDREN'S BOOKS,6021.0,the United States,en,English,When It Rains  It Rains  A Children s Book for a Rainy Day,A heartfelt children s book about two new friends who discover a peculiar pink plant ,6.0,7.0
MUSIC,COUNTRY & FOLK,SUCCESSFUL,124,5600.0,6046.0,True,False,MN,1584237660,2020-03-15 02:01:00,1582152097,2020-02-19 22:41:37,1584237660,2020-03-15 02:01:00,24.0,True,Success,Spotlight,US,MUSIC COUNTRY & FOLK,6046.0,the United States,en,English,A Live Recording ,A new CD recorded live  in studio  with an audience ,6.0,7.0
PUBLISHING,FICTION,SUCCESSFUL,222,1800.0,6155.0,True,True,NY,1587409897,2020-04-20 19:11:37,1582229497,2020-02-20 20:11:37,1587409897,2020-04-20 19:11:37,60.0,True,Success,Both,US,PUBLISHING FICTION,6155.0,the United States,en,English,The Unseen Hand / A Debut Fantasy Novel,Help fund the epic fantasy debut novel by authors Narcisse Navarre and Marzio Ombra set in Laremlis  an exciting new fantasy world ,4.0,7.0
FASHION,CHILDRENSWEAR,FAILED,69,20000.0,6278.0,False,False,AZ,1605796647,2020-11-19 14:37:27,1603201046,2020-10-20 13:37:26,1605796646,2020-11-19 14:37:26,30.0,False,Failed,None,US,FASHION CHILDRENSWEAR,0.0,the United States,en,English,pouchyroos,the cozy kids romper with a pouch,8.0,7.0
FASHION,APPAREL,SUCCESSFUL,95,3400.0,6291.0,True,False,WA,1604213941,2020-11-01 06:59:01,1601752212,2020-10-03 19:10:12,1604213940,2020-11-01 06:59:00,28.0,True,Success,Spotlight,US,FASHION APPAREL,6291.0,the United States,en,English,Lofi Juicy Babes Restock   Munrou x S2HEART Collab,Adding some sweet  comfy  fresh cuteness to your day ,5.0,7.0
MUSIC,MUSIC,SUCCESSFUL,155,5000.0,6295.0,True,False,NY,1596254340,2020-08-01 03:59:00,1593524271,2020-06-30 13:37:51,1596254340,2020-08-01 03:59:00,32.0,True,Success,Spotlight,US,MUSIC MUSIC,6295.0,the United States,en,English,This Is Halloween  A Midtown EP,This isn t your mother s holiday music - This Is Halloween,6.0,7.0
COMICS,ANTHOLOGIES,FAILED,199,25335.0,6302.0,False,True,WA,1588564740,2020-05-04 03:59:00,1585670408,2020-03-31 16:00:08,1588564740,2020-05-04 03:59:00,33.0,False,Failed,StaffPick,US,COMICS ANTHOLOGIES,0.0,the United States,en,English,KITH + KIN  An Anthology,Ancient demons  ghosts  and golems come to life in this supernatural comics anthology that unearths what lies beneath the family tree ,9.0,7.0
COMICS,GRAPHIC NOVELS,SUCCESSFUL,199,5000.0,6375.0,True,False,TX,1593723279,2020-07-02 20:54:39,1591908879,2020-06-11 20:54:39,1593723279,2020-07-02 20:54:39,21.0,True,Success,Spotlight,US,COMICS GRAPHIC NOVELS,6375.0,the United States,en,English,Rise of the Hunters  Volume one,Supernatural/Action original english Light Novel series,6.0,7.0
FASHION,JEWELRY,SUCCESSFUL,72,5000.0,6553.0,True,False,HI,1591743605,2020-06-09 23:00:05,1589324405,2020-05-12 23:00:05,1591743605,2020-06-09 23:00:05,28.0,True,Success,Spotlight,US,FASHION JEWELRY,6553.0,the United States,en,English,Revolver Inspired Glow-in-the-Dark Luminescent Rings,Glowing Jewelry Collection by Rvlvr Watch Co ,6.0,7.0
ART,ILLUSTRATION,SUCCESSFUL,208,400.0,6573.0,True,False,CA,1583866800,2020-03-10 19:00:00,1582477126,2020-02-23 16:58:46,1583866800,2020-03-10 19:00:00,16.0,True,Success,Spotlight,US,ART ILLUSTRATION,6573.0,the United States,en,English,Stardew Valley Pals Hard Enamel Pins,A cute Stardew Valley farm friends hard enamel pins series ,1.0,7.0
COMICS,GRAPHIC NOVELS,SUCCESSFUL,182,4000.0,6805.0,True,False,CA,1580716740,2020-02-03 07:59:00,1579228836,2020-01-17 02:40:36,1580716740,2020-02-03 07:59:00,17.0,True,Success,Spotlight,US,COMICS GRAPHIC NOVELS,6805.0,the United States,en,English,ONE-HIT WONDER  TAKE TWO ,More than just a diverse crime comedy graphic novel  a chance to help and promote an entire new wave of content from indie creators ,5.0,7.0
PHOTOGRAPHY,PHOTOBOOKS,SUCCESSFUL,62,6000.0,6971.0,True,False,GA,1584624519,2020-03-19 13:28:39,1582032519,2020-02-18 13:28:39,1584624519,2020-03-19 13:28:39,30.0,True,Success,Spotlight,US,PHOTOGRAPHY PHOTOBOOKS,6971.0,the United States,en,English,Fernbank Forest,A photographic book on Atlanta s celebrated old-growth forest,6.0,7.0
DESIGN,PRODUCT DESIGN,SUCCESSFUL,163,5000.0,7039.0,True,False,CA,1583395208,2020-03-05 08:00:08,1580803208,2020-02-04 08:00:08,1583395208,2020-03-05 08:00:08,30.0,True,Success,Spotlight,US,DESIGN PRODUCT DESIGN,7039.0,the United States,en,English,MOD   Modern Dog Leashes  Collars & No-Pull Harnesses,Functional  safe & stylish dog gear for your four-legged friend ,6.0,7.0
PUBLISHING,CHILDREN'S BOOKS,SUCCESSFUL,113,6500.0,7044.0,True,False,NC,1602784800,2020-10-15 18:00:00,1600767003,2020-09-22 09:30:03,1602784800,2020-10-15 18:00:00,23.0,True,Success,Spotlight,US,PUBLISHING CHILDREN'S BOOKS,7044.0,the United States,en,English,Ada and the Helpers  encouraging self-confidence in children,Get the children s book that inspires friendship and finding your natural strengths while raising deaf and cochlear implant awareness ,7.0,7.0
PUBLISHING,CHILDREN'S BOOKS,SUCCESSFUL,66,7500.0,7527.0,True,False,TX,1583454208,2020-03-06 00:23:28,1580862208,2020-02-05 00:23:28,1583454208,2020-03-06 00:23:28,30.0,True,Success,Spotlight,US,PUBLISHING CHILDREN'S BOOKS,7527.0,the United States,en,English, Always Forever  Bedtime Story and Lullaby,A children s book + a Lullaby called  Always Forever    This is to be read by biological  step  foster  kinship and group home parents ,7.0,7.0
FASHION,ACCESSORIES,SUCCESSFUL,94,3700.0,7583.0,True,False,WA,1599757201,2020-09-10 17:00:01,1597412514,2020-08-14 13:41:54,1599757200,2020-09-10 17:00:00,27.0,True,Success,Spotlight,US,FASHION ACCESSORIES,7583.0,the United States,en,English,Switchable Ita Bag,Kawaii pastel switchable ita bag that can be transformed into three different bags ,5.0,7.0
COMICS,GRAPHIC NOVELS,SUCCESSFUL,212,7000.0,7586.0,True,True,NV,1583996340,2020-03-12 06:59:00,1581029398,2020-02-06 22:49:58,1583996340,2020-03-12 06:59:00,34.0,True,Success,Both,US,COMICS GRAPHIC NOVELS,7586.0,the United States,en,English,Mary Shelley Presents  the Trade Paperback,Ghosts  shapechangers and ancient curses -- Mary Shelley and her creature present horror stories written by women of the Victorian era ,7.0,7.0
PUBLISHING,CHILDREN'S BOOKS,SUCCESSFUL,170,7000.0,7594.0,True,False,VT,1585715429,2020-04-01 04:30:29,1583040629,2020-03-01 05:30:29,1585715429,2020-04-01 04:30:29,31.0,True,Success,Spotlight,US,PUBLISHING CHILDREN'S BOOKS,7594.0,the United States,en,English,ABCs of Contra Dancing Board Book ,A lovingly illustrated rhyming couplet look at the alphabet and contra dancing ,7.0,7.0
FILM & VIDEO,COMEDY,SUCCESSFUL,76,7500.0,7846.0,True,True,GA,1579928340,2020-01-25 04:59:00,1576680164,2019-12-18 14:42:44,1579928340,2020-01-25 04:59:00,38.0,True,Success,Both,US,FILM & VIDEO COMEDY,7846.0,the United States,en,English,MESSY HEARTS movie,So  Jamie loves Kelli  who loves Leslie  Leslie just left her husband  but when Kelli doesn’t leave Jamie  Leslie starts dating Kelly ,7.0,7.0
FILM & VIDEO,SHORTS,SUCCESSFUL,72,7500.0,7935.0,True,True,NY,1581545882,2020-02-12 22:18:02,1579731482,2020-01-22 22:18:02,1581545882,2020-02-12 22:18:02,21.0,True,Success,Both,US,FILM & VIDEO SHORTS,7935.0,the United States,en,English,Intake - a short film,After an unfortunate incident  a young high schooler must complete a drug and alcohol abuse evaluation ,7.0,7.0
DESIGN,PRODUCT DESIGN,SUCCESSFUL,91,8000.0,8053.0,True,False,WA,1603288797,2020-10-21 13:59:57,1600783197,2020-09-22 13:59:57,1603288797,2020-10-21 13:59:57,29.0,True,Success,Spotlight,US,DESIGN PRODUCT DESIGN,8053.0,the United States,en,English,Innovative Multi-Functional Fly Rod & Reel Holder,Fly Fishing enthusiasts now have a compact Fly Rod & Reel Holder that attaches to any vehicle and is multi-functional,7.0,7.0
COMICS,ANTHOLOGIES,SUCCESSFUL,250,6500.0,8288.0,True,True,VA,1605297601,2020-11-13 20:00:01,1602777618,2020-10-15 16:00:18,1605297600,2020-11-13 20:00:00,29.0,True,Success,Both,US,COMICS ANTHOLOGIES,8288.0,the United States,en,English,Threads  Secret Places,Our anthology of short comics about secret places  fantastic and mundane ,7.0,7.0
COMICS,COMIC BOOKS,SUCCESSFUL,265,7500.0,8487.0,True,False,IL,1587573388,2020-04-22 16:36:28,1584981388,2020-03-23 16:36:28,1587573388,2020-04-22 16:36:28,30.0,True,Success,Spotlight,US,COMICS COMIC BOOKS,8487.0,the United States,en,English,The Catch 1–2 (comic),Elmore Leonard meets Gotham Central in a fast-paced  character-driven comic ,7.0,7.0
GAMES,PLAYING CARDS,SUCCESSFUL,162,7000.0,9187.0,True,False,CA,1580335140,2020-01-29 21:59:00,1575990354,2019-12-10 15:05:54,1580335140,2020-01-29 21:59:00,50.0,True,Success,Spotlight,US,GAMES PLAYING CARDS,9187.0,the United States,en,English,V-TWIN playing cards printed by USPCC,The attention to details & High-Quality illustration of the parts is exceptional  It s ART ,7.0,8.0
FILM & VIDEO,SCIENCE FICTION,SUCCESSFUL,258,1200.0,9690.0,True,False,GA,1590977700,2020-06-01 02:15:00,1589671751,2020-05-16 23:29:11,1590977700,2020-06-01 02:15:00,15.0,True,Success,Spotlight,US,FILM & VIDEO SCIENCE FICTION,9690.0,the United States,en,English,USS Ares Master Systems Display Poster,The follow up to the amazing USS Ares Schematic poster   Printed on 100lb glossy stock ,3.0,8.0
TECHNOLOGY,GADGETS,SUCCESSFUL,50,9400.0,9770.0,True,False,FL,1602418660,2020-10-11 12:17:40,1598962660,2020-09-01 12:17:40,1602418660,2020-10-11 12:17:40,40.0,True,Success,Spotlight,US,TECHNOLOGY GADGETS,9770.0,the United States,en,English,The GS1-DoorCüb A New Kind Of Door Camera ,An affordable front door security camera    Monitor activity  receive snapshot alerts  Easy installation  No Drilling  No Damage ,7.0,8.0
PUBLISHING,YOUNG ADULT,SUCCESSFUL,68,10000.0,10088.0,True,False,FL,1605807050,2020-11-19 17:30:50,1604315820,2020-11-02 11:17:00,1605806940,2020-11-19 17:29:00,17.0,True,Success,Spotlight,US,PUBLISHING YOUNG ADULT,10088.0,the United States,en,English,call me him  A transgender coming-of-age story ,Dedicated to every person who has struggled to discover themselves and their place  call me him  is a story that needs to be shared ,7.0,8.0
FILM & VIDEO,DOCUMENTARY,SUCCESSFUL,131,10000.0,10138.0,True,False,MA,1582327739,2020-02-21 23:28:59,1577143739,2019-12-23 23:28:59,1582327739,2020-02-21 23:28:59,60.0,True,Success,Spotlight,US,FILM & VIDEO DOCUMENTARY,10138.0,the United States,en,English,People in a Room  A Documentary,A diverse group of teenagers learn how to talk with each other about their identities including race  politics  religion  and gender ,7.0,8.0
COMICS,GRAPHIC NOVELS,SUCCESSFUL,230,4000.0,10207.0,True,False,IL,1596517345,2020-08-04 05:02:25,1593579745,2020-07-01 05:02:25,1596517345,2020-08-04 05:02:25,34.0,True,Success,Spotlight,US,COMICS GRAPHIC NOVELS,10207.0,the United States,en,English,FOOT FIST FRANKENSTEIN  A Monster Martial Arts Revenge Comic,Foot Fist Frankenstein is a 120 page hardcover Martial Arts story of revenge  and cool monster action all in one awesome Graphic Novel,5.0,8.0
TECHNOLOGY,GADGETS,SUCCESSFUL,60,10000.0,10405.0,True,False,CA,1584783705,2020-03-21 09:41:45,1580899305,2020-02-05 10:41:45,1584783705,2020-03-21 09:41:45,45.0,True,Success,Spotlight,US,TECHNOLOGY GADGETS,10405.0,the United States,en,English,qico pad  Wireless charging triggers wireless backup to PC,Backup without Unlocking Phone  Wireless & Secure Bidirectional Data Transfer between Phone and Computer without Internet Required ,7.0,8.0
DESIGN,GRAPHIC DESIGN,SUCCESSFUL,338,300.0,10552.0,True,False,IN,1595764868,2020-07-26 12:01:08,1593604868,2020-07-01 12:01:08,1595764868,2020-07-26 12:01:08,25.0,True,Success,Spotlight,US,DESIGN GRAPHIC DESIGN,10552.0,the United States,en,English,SUMMERWEEN (Halloween in July) Pastel Goth Pin Collection,A fun and spooky collection of high-quality enamel pins for the summer goth and pastel ghoul ,1.0,8.0
THEATER,MUSICAL,SUCCESSFUL,52,11000.0,11030.0,True,False,UT,1586325540,2020-04-08 05:59:00,1583057472,2020-03-01 10:11:12,1586325540,2020-04-08 05:59:00,38.0,True,Success,Spotlight,US,THEATER MUSICAL,11030.0,the United States,en,English,I Have Graven Thee,A Christ-Centered Musical Production,8.0,8.0
FOOD,FOOD,SUCCESSFUL,221,10000.0,11103.0,True,False,FL,1595599411,2020-07-24 14:03:31,1592921011,2020-06-23 14:03:31,1595599411,2020-07-24 14:03:31,31.0,True,Success,Spotlight,US,FOOD FOOD,11103.0,the United States,en,English,Smoothie-N-Go  Revolutionary Blender-Free Smoothie Powder,Now  you can get a healthy meal or an occasional  sweet treat  anytime  anywhere in less than 30 seconds with no hassle ,7.0,8.0
MUSIC,FAITH,SUCCESSFUL,66,10700.0,11181.6,True,False,IN,1582088341,2020-02-19 04:59:01,1580252404,2020-01-28 23:00:04,1582088340,2020-02-19 04:59:00,21.0,True,Success,Spotlight,US,MUSIC FAITH,11181.6,the United States,en,English,Megan Duke - Debut Album - HEART ON FIRE,Worshiper of Jesus and music artist Megan Duke is in the process of recording & releasing her DEBUT ALBUM and needs your help ,8.0,8.0
FOOD,SMALL BATCH,SUCCESSFUL,219,10000.0,11310.0,True,False,NC,1605286801,2020-11-13 17:00:01,1602691201,2020-10-14 16:00:01,1605286801,2020-11-13 17:00:01,30.0,True,Success,Spotlight,US,FOOD SMALL BATCH,11310.0,the United States,en,English,Burny Wild’s Adventure Sauce  A New Kind of Hot Sauce,Highly versatile & packed full of flavor  Burny Wild’s brings excitement back into your kitchen  Chef-Made  Vegan  Gluten-Free ,7.0,8.0
MUSIC,MUSIC,SUCCESSFUL,84,10000.0,11470.0,True,True,NJ,1603252740,2020-10-21 03:59:00,1600177919,2020-09-15 13:51:59,1603252740,2020-10-21 03:59:00,36.0,True,Success,Both,US,MUSIC MUSIC,11470.0,the United States,en,English, Funeral For My Morals  by CC Miles,Help CC Miles create new music  perhaps even the album of a lifetime   ,7.0,8.0
ART,CERAMICS,SUCCESSFUL,169,1000.0,12198.0,True,False,NV,1596151620,2020-07-30 23:27:00,1594486866,2020-07-11 17:01:06,1596151620,2020-07-30 23:27:00,19.0,True,Success,Spotlight,US,ART CERAMICS,12198.0,the United States,en,English,Rummy Mummy Tiki Mugs by Biggs Tiki,Two exceptionally creepy and incredibly cool Tiki Mugs  our first ever ,3.0,8.0
COMICS,COMIC BOOKS,SUCCESSFUL,207,500.0,12283.0,True,True,CA,1605848340,2020-11-20 04:59:00,1604940556,2020-11-09 16:49:16,1605848340,2020-11-20 04:59:00,11.0,True,Success,Both,US,COMICS COMIC BOOKS,12283.0,the United States,en,English,Sam Kieth s 2021 Maxx Calendar,2021 Twelve Month Calendar Featuring THE MAXX Art by Creator Sam Kieth ,2.0,8.0
COMICS,COMIC BOOKS,SUCCESSFUL,281,2000.0,12491.0,True,False,PA,1602691131,2020-10-14 15:58:51,1600099129,2020-09-14 15:58:49,1602691129,2020-10-14 15:58:49,30.0,True,Success,Spotlight,US,COMICS COMIC BOOKS,12491.0,the United States,en,English,Konkret Comics Presents Genesis  Year Two,Konkret Comics has returned  Akolyte  Odina and Absolver make a glorious comeback  and a new hero  Andy Starboy  joins our universe ,4.0,8.0
TECHNOLOGY,DIY ELECTRONICS,SUCCESSFUL,167,1250.0,12856.0,True,False,TN,1581511818,2020-02-12 12:50:18,1578919818,2020-01-13 12:50:18,1581511818,2020-02-12 12:50:18,30.0,True,Success,Spotlight,US,TECHNOLOGY DIY ELECTRONICS,12856.0,the United States,en,English,Leviathan-Affordable Aquarium Automation,Monitor & control nearly every aspect of your aquarium using a tiny $14 circuit board ,3.0,8.0
THEATER,EXPERIMENTAL,SUCCESSFUL,167,10000.0,13146.91,True,True,NY,1578113940,2020-01-04 04:59:00,1575095270,2019-11-30 06:27:50,1578113940,2020-01-04 04:59:00,35.0,True,Success,Both,US,THEATER EXPERIMENTAL,13146.91,the United States,en,English,MUKHAGNI in Under the Radar 2020,The Public Theater presents this irreverent performance memoir about death ,7.0,8.0
FILM & VIDEO,ANIMATION,FAILED,105,50000.0,13150.0,False,True,GA,1581162218,2020-02-08 11:43:38,1578570218,2020-01-09 11:43:38,1581162218,2020-02-08 11:43:38,30.0,False,Failed,StaffPick,US,FILM & VIDEO ANIMATION,0.0,the United States,en,English,Furious and Fat Cat,30 minute pilot  Furious and Fat Cat reunite after taking very different paths in life ,9.0,8.0
GAMES,PLAYING CARDS,SUCCESSFUL,550,8000.0,13191.0,True,True,CA,1580850000,2020-02-04 21:00:00,1579013999,2020-01-14 14:59:59,1580850000,2020-02-04 21:00:00,21.0,True,Success,Both,US,GAMES PLAYING CARDS,13191.0,the United States,en,English,KnifeTank  The Shüffling - Pocket Size Strategy Game ,You re a tank with a knife on it   KnifeTank is a player vs player card game that turns any table surface into a combat zone  All ages ,7.0,8.0
TECHNOLOGY,GADGETS,SUCCESSFUL,72,5000.0,14180.0,True,False,PA,1602255084,2020-10-09 14:51:24,1599058284,2020-09-02 14:51:24,1602255084,2020-10-09 14:51:24,37.0,True,Success,Spotlight,US,TECHNOLOGY GADGETS,14180.0,the United States,en,English,OPTREC   Streaming Unbounded,A Smart Interactive Phone Pod For All Streaming And Photography Purposes,6.0,8.0
COMICS,COMIC BOOKS,SUCCESSFUL,284,4000.0,14274.0,True,False,NV,1589475654,2020-05-14 17:00:54,1586883654,2020-04-14 17:00:54,1589475654,2020-05-14 17:00:54,30.0,True,Success,Spotlight,US,COMICS COMIC BOOKS,14274.0,the United States,en,English,A Weekend Alone  Impact Zone,An adult comic book about shrunken people struggling to survive ,5.0,8.0
DESIGN,PRODUCT DESIGN,SUCCESSFUL,214,6000.0,14549.0,True,False,SC,1607695132,2020-12-11 13:58:52,1605103132,2020-11-11 13:58:52,1607695132,2020-12-11 13:58:52,30.0,True,Success,Spotlight,US,DESIGN PRODUCT DESIGN,14549.0,the United States,en,English,BOKS - the creative desk toy with endless possibilities,Open-ended fun for Kids &  Kidults   Plus-Plus sustainable play for the places you work  learn  & live ,6.0,8.0
COMICS,GRAPHIC NOVELS,SUCCESSFUL,292,5000.0,14804.0,True,False,PA,1605070740,2020-11-11 04:59:00,1603108068,2020-10-19 11:47:48,1605070740,2020-11-11 04:59:00,23.0,True,Success,Spotlight,US,COMICS GRAPHIC NOVELS,14804.0,the United States,en,English,Night Wolf Vol 1  Urban Fantasy Werewolf Coming of Age Drama,A young man discovers that he was born a werewolf and is reluctantly thrown into a supernatural war against a Dark Covenant ,6.0,8.0
DESIGN,PRODUCT DESIGN,SUCCESSFUL,116,14000.0,14854.0,True,False,CA,1580991341,2020-02-06 12:15:41,1575807338,2019-12-08 12:15:38,1580991338,2020-02-06 12:15:38,60.0,True,Success,Spotlight,US,DESIGN PRODUCT DESIGN,14854.0,the United States,en,English,RÖYHKEÄ Keychain,With Letters of alphabet engraved,8.0,8.0
COMICS,COMIC BOOKS,SUCCESSFUL,265,2700.0,15098.0,True,False,IL,1594774800,2020-07-15 01:00:00,1593312288,2020-06-28 02:44:48,1594774800,2020-07-15 01:00:00,17.0,True,Success,Spotlight,US,COMICS COMIC BOOKS,15098.0,the United States,en,English,WARRIOR NUN GRAPHIC NOVEL,Warrior Nun  now a Netflix original series  re-launches with WARRIOR NUN DORA for readers of all kinds with a new Nun and new attitude ,5.0,8.0
DESIGN,TYPOGRAPHY,SUCCESSFUL,373,4000.0,16019.0,True,False,NY,1591891200,2020-06-11 16:00:00,1589458737,2020-05-14 12:18:57,1591891200,2020-06-11 16:00:00,28.0,True,Success,Spotlight,US,DESIGN TYPOGRAPHY,16019.0,the United States,en,English,Type Design A–Z,A Video Series on Type Design,5.0,8.0
FILM & VIDEO,FAMILY,SUCCESSFUL,13,13000.0,16556.0,True,False,CA,1579041341,2020-01-14 22:35:41,1573857239,2019-11-15 22:33:59,1579041239,2020-01-14 22:33:59,60.0,True,Success,Spotlight,US,FILM & VIDEO FAMILY,16556.0,the United States,en,English,Just Another Summer,A short film about family  brotherhood  growing up and answering the call to destiny ,8.0,8.0
DESIGN,PRODUCT DESIGN,SUCCESSFUL,170,3000.0,16939.0,True,False,CA,1583909400,2020-03-11 06:50:00,1580770861,2020-02-03 23:01:01,1583909400,2020-03-11 06:50:00,36.0,True,Success,Spotlight,US,DESIGN PRODUCT DESIGN,16939.0,the United States,en,English,Anti-Bacterial  Eco Friendly  Olympic Certified l Vita Towel,Concerned About Corona Virus  Stay Bacteria Free at the Gym with Our Antibacterial  Eco-Friendly  Olympic Tested Towel,5.0,9.0
FOOD,FOOD TRUCKS,SUCCESSFUL,212,10106.0,17196.0,True,False,TX,1593886670,2020-07-04 18:17:50,1591294544,2020-06-04 18:15:44,1593886544,2020-07-04 18:15:44,30.0,True,Success,Spotlight,US,FOOD FOOD TRUCKS,17196.0,the United States,en,English,Suga s Cakery - Bakery on Wheels,Let s bring Suga to the masses  ,8.0,9.0
DESIGN,PRODUCT DESIGN,SUCCESSFUL,131,10000.0,17627.0,True,False,IL,1593183635,2020-06-26 15:00:35,1590591635,2020-05-27 15:00:35,1593183635,2020-06-26 15:00:35,30.0,True,Success,Spotlight,US,DESIGN PRODUCT DESIGN,17627.0,the United States,en,English,NEXShot Pro   Short Game On,Improve all aspects of your short game from home with NEXShot Pro,7.0,9.0
TECHNOLOGY,WEARABLES,SUCCESSFUL,144,10000.0,18152.0,True,False,CA,1581080403,2020-02-07 13:00:03,1578488403,2020-01-08 13:00:03,1581080403,2020-02-07 13:00:03,30.0,True,Success,Spotlight,US,TECHNOLOGY WEARABLES,18152.0,the United States,en,English,V-Powerbuds Pro  TWS Earbuds That Tracks Heart Rate & Oxygen,TWS Sport Earbuds   Heart Rate Monitoring   Oxygen & Respiration Rate Tracking   Exercise Feedback   Online & Offline Voice Control,7.0,9.0
DESIGN,INTERACTIVE DESIGN,SUCCESSFUL,63,18000.0,18237.0,True,False,NE,1599339600,2020-09-05 21:00:00,1596049688,2020-07-29 19:08:08,1599339600,2020-09-05 21:00:00,38.0,True,Success,Spotlight,US,DESIGN INTERACTIVE DESIGN,18237.0,the United States,en,English,FishTargets - Fun for Everyone - Get  Hooked ,Can t get on the water  Catch fish at home  the office  or anywhere ,8.0,9.0
DESIGN,TOYS,SUCCESSFUL,76,18000.0,18374.0,True,False,VT,1595692807,2020-07-25 16:00:07,1593100807,2020-06-25 16:00:07,1595692807,2020-07-25 16:00:07,30.0,True,Success,Spotlight,US,DESIGN TOYS,18374.0,the United States,en,English,Cake  a designer toy,A sugary treat baked into a designer vinyl  Meet Cake  the delicious cupcake who s ready to satisfy your hunger for toys ,8.0,9.0
TECHNOLOGY,GADGETS,SUCCESSFUL,82,18000.0,18954.0,True,False,IL,1597935929,2020-08-20 15:05:29,1595343929,2020-07-21 15:05:29,1597935929,2020-08-20 15:05:29,30.0,True,Success,Spotlight,US,TECHNOLOGY GADGETS,18954.0,the United States,en,English,The easily refillable one-touch wearable gel sanitizer,The super convenient way to always have gel sanitizer on the go  at home or in the office  Germs have finally met their match ,8.0,9.0
TECHNOLOGY,APPS,SUCCESSFUL,62,20000.0,20430.0,True,False,AZ,1595520351,2020-07-23 16:05:51,1592409951,2020-06-17 16:05:51,1595520351,2020-07-23 16:05:51,36.0,True,Success,Spotlight,US,TECHNOLOGY APPS,20430.0,the United States,en,English,Flexr  Hire local help  find work - or both ,An on-demand local services app  Users post custom jobs at the price they want to pay and providers send offers to fulfill them ,8.0,9.0
FILM & VIDEO,DOCUMENTARY,SUCCESSFUL,69,10000.0,20950.0,True,True,CA,1602792000,2020-10-15 20:00:00,1600189889,2020-09-15 17:11:29,1602792000,2020-10-15 20:00:00,30.0,True,Success,Both,US,FILM & VIDEO DOCUMENTARY,20950.0,the United States,en,English,The Future of Work is Here  A Responsive Documentary,A story about the future of work  which has so abruptly arrived ,7.0,9.0
FOOD,FOOD,SUCCESSFUL,130,20000.0,21470.0,True,True,IL,1582696801,2020-02-26 06:00:01,1580912981,2020-02-05 14:29:41,1582696800,2020-02-26 06:00:00,21.0,True,Success,Both,US,FOOD FOOD,21470.0,the United States,en,English,Seasons Sparkling  Sparkling Water for the Arts,Organic plant-based sparkling waters presented with contemporary art ,8.0,9.0
MUSIC,POP,SUCCESSFUL,200,20000.0,23238.0,True,False,CA,1591588800,2020-06-08 04:00:00,1586575756,2020-04-11 03:29:16,1591588800,2020-06-08 04:00:00,58.0,True,Success,Spotlight,US,MUSIC POP,23238.0,the United States,en,English,“The Slow March Of Time Flies By” LP by The Shadowboxers,Digital and Vinyl release of The Shadowboxers debut LP ,8.0,9.0
DESIGN,PRODUCT DESIGN,SUCCESSFUL,222,10000.0,23444.0,True,False,CA,1579535999,2020-01-20 15:59:59,1576511999,2019-12-16 15:59:59,1579535999,2020-01-20 15:59:59,35.0,True,Success,Spotlight,US,DESIGN PRODUCT DESIGN,23444.0,the United States,en,English,Pwnage Ultra Custom - World s Lightest Wireless Gaming Mouse,Ultra Light (58g - 73g)   Wireless or Wired   Swappable Cover & Button   RGB   Ultra Flexible Type C Cable   Custom DPI Button,7.0,9.0
FASHION,ACCESSORIES,SUCCESSFUL,236,6000.0,25051.0,True,False,CA,1597161833,2020-08-11 16:03:53,1595001833,2020-07-17 16:03:53,1597161833,2020-08-11 16:03:53,25.0,True,Success,Spotlight,US,FASHION ACCESSORIES,25051.0,the United States,en,English,An OTP Feudal Fairytale,OTP themed Ita Bags by Dreenicorn & Honey+Lemon Designs with several custom features for you to showcase your favorite pins & charms ,6.0,9.0
DESIGN,PRODUCT DESIGN,SUCCESSFUL,247,12000.0,27344.0,True,False,CO,1577485725,2019-12-27 22:28:45,1574893725,2019-11-27 22:28:45,1577485725,2019-12-27 22:28:45,30.0,True,Success,Spotlight,US,DESIGN PRODUCT DESIGN,27344.0,the United States,en,English,ALPINE   The Next Generation of Work Pants for Women,Performance stretch fabric tailored for work  Ultra breathable & Anti-odor made for long work days  Say hello to comfort ,8.0,9.0
ART,SOCIAL PRACTICE,SUCCESSFUL,111,27000.0,27541.0,True,True,NY,1595427030,2020-07-22 14:10:30,1590243030,2020-05-23 14:10:30,1595427030,2020-07-22 14:10:30,60.0,True,Success,Both,US,ART SOCIAL PRACTICE,27541.0,the United States,en,English,BEVERLY S - So We Can See You Soon,Help Beverly s get through this time  and to have the resources to adapt to this new climate - so that we can reopen and serve you ,9.0,9.0
FASHION,ACCESSORIES,SUCCESSFUL,134,15000.0,28111.0,True,True,DC,1607447700,2020-12-08 17:15:00,1604901494,2020-11-09 05:58:14,1607447700,2020-12-08 17:15:00,29.0,True,Success,Both,US,FASHION ACCESSORIES,28111.0,the United States,en,English,round21 artist-designed ping pong paddles,🏓 Your Game Says A Lot About Who You Are,8.0,9.0
MUSIC,MUSIC,SUCCESSFUL,403,25000.0,28668.0,True,True,TN,1581746340,2020-02-15 05:59:00,1578665133,2020-01-10 14:05:33,1581746340,2020-02-15 05:59:00,36.0,True,Success,Both,US,MUSIC MUSIC,28668.0,the United States,en,English,Jill Andrews  Thirties,Jill Andrews is releasing a new album and book ,9.0,9.0
DESIGN,PRODUCT DESIGN,SUCCESSFUL,295,10000.0,29332.0,True,False,CA,1585494684,2020-03-29 15:11:24,1580310684,2020-01-29 15:11:24,1585494684,2020-03-29 15:11:24,60.0,True,Success,Spotlight,US,DESIGN PRODUCT DESIGN,29332.0,the United States,en,English,Panda Evolve Pillow  Fully Adjustable  Tencel Cool Naturally,Tired of buying the wrong pillow  Unlike neck pillow that fits one size  our Loft Adjust Kit fits you perfectly saving time and money ,7.0,9.0
FILM & VIDEO,NARRATIVE FILM,SUCCESSFUL,112,30500.0,30700.0,True,False,MO,1603429140,2020-10-23 04:59:00,1600788600,2020-09-22 15:30:00,1603429140,2020-10-23 04:59:00,31.0,True,Success,Spotlight,US,FILM & VIDEO NARRATIVE FILM,30700.0,the United States,en,English,Pray They Stand Down  A Film About PTSD,Chad Sikeston  combat veteran  Purple Heart recipient  PTSD diagnosed  Now in Missouri  he fights once more  Can a dog help him ,9.0,9.0
DESIGN,PRODUCT DESIGN,SUCCESSFUL,115,5000.0,30806.0,True,False,OK,1601553403,2020-10-01 11:56:43,1598961403,2020-09-01 11:56:43,1601553403,2020-10-01 11:56:43,30.0,True,Success,Spotlight,US,DESIGN PRODUCT DESIGN,30806.0,the United States,en,English,Open Goaaal LACROSSE 🥍 Shooting Practice Made Perfect,Now you can practice full power Lacrosse shots at home or away  without fear of missing ,6.0,9.0
DESIGN,PRODUCT DESIGN,SUCCESSFUL,94,12000.0,31061.0,True,False,NC,1584291540,2020-03-15 16:59:00,1581625226,2020-02-13 20:20:26,1584291540,2020-03-15 16:59:00,31.0,True,Success,Spotlight,US,DESIGN PRODUCT DESIGN,31061.0,the United States,en,English,All Terrain Electric Bike by Mountains To Sea Electric Bikes,The new and improved All Terrain R750 electric assist bike gives riders the power to explore their world ,8.0,9.0
PUBLISHING,YOUNG ADULT,SUCCESSFUL,483,15000.0,31260.0,True,True,KS,1598644800,2020-08-28 20:00:00,1596801600,2020-08-07 12:00:00,1598644800,2020-08-28 20:00:00,21.0,True,Success,Both,US,PUBLISHING YOUNG ADULT,31260.0,the United States,en,English,Tales of Hibaria  The Awakening,A collection of twelve richly illustrated fantasy stories ,8.0,9.0
FOOD,DRINKS,SUCCESSFUL,205,25000.0,33520.99,True,False,OH,1602820740,2020-10-16 03:59:00,1599841867,2020-09-11 16:31:07,1602820740,2020-10-16 03:59:00,34.0,True,Success,Spotlight,US,FOOD DRINKS,33520.99,the United States,en,English,CARTRIDGE BREWING  Honoring the Past  Brewing the Future,Opening a brewpub (full kitchen & 15bbl brewhouse) within the historic redevelopment of the Peters Cartridge Factory in Fall 2020 ,9.0,9.0
PUBLISHING,FICTION,SUCCESSFUL,174,18100.0,39623.01,True,False,OR,1581609555,2020-02-13 15:59:15,1579017555,2020-01-14 15:59:15,1581609555,2020-02-13 15:59:15,30.0,True,Success,Spotlight,US,PUBLISHING FICTION,39623.01,the United States,en,English,THE HERETIC ~ Exposing a Real-Life Ancient Secret,The spiritual & historical novel that changes Everything ,8.0,9.0
TECHNOLOGY,GADGETS,SUCCESSFUL,166,30000.0,39885.0,True,False,NJ,1600984741,2020-09-24 21:59:01,1598270402,2020-08-24 12:00:02,1600984740,2020-09-24 21:59:00,31.0,True,Success,Spotlight,US,TECHNOLOGY GADGETS,39885.0,the United States,en,English,SPACE KOTTY smart litter box,According to vets  this smart litter box may save the lives of thousands of cats  It monitors cat’s health and eliminates viruses ,9.0,10.0
MUSIC,MUSIC,SUCCESSFUL,441,34800.0,40001.89,True,False,MO,1586092528,2020-04-05 13:15:28,1583504128,2020-03-06 14:15:28,1586092528,2020-04-05 13:15:28,30.0,True,Success,Spotlight,US,MUSIC MUSIC,40001.89,the United States,en,English,The Mighty Pines  New Album  Late Last Night,This album is the culmination of our personal and musical growth as The Mighty Pines  We re asking for your help to share our music ,9.0,10.0
DESIGN,PRODUCT DESIGN,SUCCESSFUL,94,7000.0,42269.0,True,False,CA,1592549940,2020-06-19 06:59:00,1589813763,2020-05-18 14:56:03,1592549940,2020-06-19 06:59:00,32.0,True,Success,Spotlight,US,DESIGN PRODUCT DESIGN,42269.0,the United States,en,English,Lucy   The AI Home Robot,The First All-in-One Robot Vacuum & Mop with Intruder Detection,7.0,10.0
PHOTOGRAPHY,PHOTOBOOKS,SUCCESSFUL,765,20000.0,45562.0,True,False,WA,1585238654,2020-03-26 16:04:14,1582650254,2020-02-25 17:04:14,1585238654,2020-03-26 16:04:14,30.0,True,Success,Spotlight,US,PHOTOGRAPHY PHOTOBOOKS,45562.0,the United States,en,English,Small Cars  Big Inspiration,I’m 12 years old and on the autism spectrum  I take photos of toy cars so they look life size   Help me publish my coffee table book ,8.0,10.0
DESIGN,DESIGN,SUCCESSFUL,336,30000.0,46013.0,True,False,NY,1580394599,2020-01-30 14:29:59,1575383399,2019-12-03 14:29:59,1580394599,2020-01-30 14:29:59,58.0,True,Success,Spotlight,US,DESIGN DESIGN,46013.0,the United States,en,English,Biaggi Curve   If a Carry-On and a Garment Bag Had a Baby,We took a carry-on  combined it with the protection of a garment bag  and created a hybrid bag you’re gonna love ,9.0,10.0
DESIGN,PRODUCT DESIGN,SUCCESSFUL,1595,3000.0,46380.5,True,False,CA,1602226740,2020-10-09 06:59:00,1599570000,2020-09-08 13:00:00,1602226740,2020-10-09 06:59:00,31.0,True,Success,Spotlight,US,DESIGN PRODUCT DESIGN,46380.5,the United States,en,English,AirFoams Pro Active 2 0 Ear Tips for AirPods Pro,Combining our previous Kickstarter s AirFoams Pro Memory Foam Tips with the durability and flexibility of Silicone,5.0,10.0
FASHION,FOOTWEAR,SUCCESSFUL,100,45000.0,47122.0,True,True,NY,1583354906,2020-03-04 20:48:26,1580762906,2020-02-03 20:48:26,1583354906,2020-03-04 20:48:26,30.0,True,Success,Both,US,FASHION FOOTWEAR,47122.0,the United States,en,English,F E  Castleberry Footwear  luxury made the old-fashioned way,A luxury footwear collection designed by F E  Castleberry  handmade in England  sold direct-to-consumer ,9.0,10.0
DESIGN,DESIGN,SUCCESSFUL,1421,10000.0,51857.0,True,False,NY,1600785032,2020-09-22 14:30:32,1597761032,2020-08-18 14:30:32,1600785032,2020-09-22 14:30:32,35.0,True,Success,Spotlight,US,DESIGN DESIGN,51857.0,the United States,en,English,Circular Travel Mug  Your new go-to reusable coffee cup,100% Leakproof   360-degree Drinking  100% Recyclable   Perfect for life on the go,7.0,10.0
FOOD,VEGAN,SUCCESSFUL,903,47500.0,52813.99,True,False,WA,1603152000,2020-10-20 00:00:00,1600538583,2020-09-19 18:03:03,1603152000,2020-10-20 00:00:00,30.0,True,Success,Spotlight,US,FOOD VEGAN,52813.99,the United States,en,English,Soup Club Cookbook,An independent cookbook of creative plant-based soup recipes by cookbook author Caroline Wright ,9.0,10.0
JOURNALISM,WEB,SUCCESSFUL,432,50000.0,58600.0,True,True,IL,1596862740,2020-08-08 04:59:00,1594253680,2020-07-09 00:14:40,1596862740,2020-08-08 04:59:00,30.0,True,Success,Both,US,JOURNALISM WEB,58600.0,the United States,en,English,The Return of Local News to the North Shore,We re back  The Record is a nonprofit local news site founded by former editors of 22nd Century Media (The Beacon  The Current  etc ),9.0,10.0
MUSIC,COMEDY,SUCCESSFUL,1268,38700.0,62306.25,True,True,OR,1586397600,2020-04-09 02:00:00,1584539979,2020-03-18 13:59:39,1586397600,2020-04-09 02:00:00,22.0,True,Success,Both,US,MUSIC COMEDY,62306.25,the United States,en,English,Teaching A Robot To Love  A Doubleclicks Musical,A musical and album about what it means to be human  With jokes  cheese  gender metaphors  love  and a buffet ,9.0,10.0
DESIGN,PRODUCT DESIGN,SUCCESSFUL,118,10000.0,63859.0,True,False,FL,1589039850,2020-05-09 15:57:30,1586447849,2020-04-09 15:57:29,1589039849,2020-05-09 15:57:29,30.0,True,Success,Spotlight,US,DESIGN PRODUCT DESIGN,63859.0,the United States,en,English,Exotic ARAGON® Meteorite Bronze Swiss Automatic Watch,Parma 2 Swiss ETA 2824 Automatic Bronze Numbered Limited Edition 100 Pieces  Meteorite  Damascus  or MOP dial with Sapphire Crystal,7.0,10.0
TECHNOLOGY,TECHNOLOGY,SUCCESSFUL,358,20000.0,64122.0,True,False,IL,1602777647,2020-10-15 16:00:47,1600185647,2020-09-15 16:00:47,1602777647,2020-10-15 16:00:47,30.0,True,Success,Spotlight,US,TECHNOLOGY TECHNOLOGY,64122.0,the United States,en,English,Motis – a Mobile Standing Desk for Work at Home & On-the-Go,From the Makers of DeskView (As Seen on ABC s Shark Tank),8.0,10.0
FOOD,FOOD TRUCKS,SUCCESSFUL,557,60000.0,64460.3,True,True,MN,1581897600,2020-02-17 00:00:00,1579185212,2020-01-16 14:33:32,1581897600,2020-02-17 00:00:00,31.0,True,Success,Both,US,FOOD FOOD TRUCKS,64460.3,the United States,en,English,Neon Lights & Civil Rights  On Wheels ,All Square is launching a food truck  Let s make grilled cheese mobile together ,10.0,10.0
GAMES,VIDEO GAMES,SUCCESSFUL,2247,20000.0,65395.0,True,False,CA,1587608659,2020-04-23 02:24:19,1585016659,2020-03-24 02:24:19,1587608659,2020-04-23 02:24:19,30.0,True,Success,Spotlight,US,GAMES VIDEO GAMES,65395.0,the United States,en,English,Monster Layer - An adult sex RPG adventure game,We are creating a 3D open world RPG sexual adventure  Customize your own character and sleep your way through an amazing story ,8.0,10.0
DESIGN,PRODUCT DESIGN,SUCCESSFUL,496,25000.0,74939.0,True,False,FL,1584626404,2020-03-19 14:00:04,1580742004,2020-02-03 15:00:04,1584626404,2020-03-19 14:00:04,45.0,True,Success,Spotlight,US,DESIGN PRODUCT DESIGN,74939.0,the United States,en,English,T2 ISO-TRAINER  PORTABLE TOTAL FITNESS TRAINING,The POWER & FREEDOM of choice to achieve the results you want  Replaces free weights  cable machines  suspension trainers + more ,9.0,10.0
DESIGN,PRODUCT DESIGN,SUCCESSFUL,372,10000.0,91697.0,True,True,ID,1582397127,2020-02-22 18:45:27,1581101127,2020-02-07 18:45:27,1582397127,2020-02-22 18:45:27,15.0,True,Success,Both,US,DESIGN PRODUCT DESIGN,91697.0,the United States,en,English,Heritage Periodic Table  Collector s Edition,An elegant element collection in beautiful Lucite acrylic  For scientists  educators  and enthusiasts ,7.0,10.0
FILM & VIDEO,DOCUMENTARY,SUCCESSFUL,974,95000.0,113509.23,True,True,PA,1607173306,2020-12-05 13:01:46,1603281705,2020-10-21 12:01:45,1607173305,2020-12-05 13:01:45,45.0,True,Success,Both,US,FILM & VIDEO DOCUMENTARY,113509.23,the United States,en,English,Arcade Dreams  The Definitive Arcade Documentary Series,Travel through time to discover the secret history of arcade games  The people  the places  and the stories behind a century of gaming ,10.0,10.0
ART,ILLUSTRATION,SUCCESSFUL,1674,50000.0,131197.0,True,True,CO,1605196447,2020-11-12 15:54:07,1602600847,2020-10-13 14:54:07,1605196447,2020-11-12 15:54:07,30.0,True,Success,Both,US,ART ILLUSTRATION,131197.0,the United States,en,English,Silver and Gold   The Normal Tarot,Reprint of the original Normal Tarot with silver foil  and the introduction of the gold foil Normal Tarot 2 ,9.0,10.0
DESIGN,PRODUCT DESIGN,SUCCESSFUL,311,10000.0,188489.0,True,False,CA,1603977176,2020-10-29 13:12:56,1601385176,2020-09-29 13:12:56,1603977176,2020-10-29 13:12:56,30.0,True,Success,Spotlight,US,DESIGN PRODUCT DESIGN,188489.0,the United States,en,English,The Coolest Coffee Table,A Beautiful  Built-To-Last Coffee Table… With a Secret ,7.0,10.0
DESIGN,PRODUCT DESIGN,SUCCESSFUL,1449,30000.0,219449.0,True,True,CA,1588953020,2020-05-08 15:50:20,1585756220,2020-04-01 15:50:20,1588953020,2020-05-08 15:50:20,37.0,True,Success,Both,US,DESIGN PRODUCT DESIGN,219449.0,the United States,en,English,TALO - A smart toothbrush that fits & cleans in seconds,The first self-brushing toothbrush  cleans teeth individually with game changing half mouth design,9.0,10.0
TECHNOLOGY,HARDWARE,SUCCESSFUL,1020,58640.9145,235150.78256415692,True,True,CA,1605038400,2020-11-10 20:00:00,1601974878,2020-10-06 09:01:18,1605038400,2020-11-10 20:00:00,35.0,True,Success,Both,US,TECHNOLOGY HARDWARE,235150.78256415692,Italy,en,English,Eteria - Amazing Filterless Personal Air Purifier,Finally redefining the concept of air purifiers thanks to a diffused purification and monitoring system - with powerful nanomaterials ,10.0,10.0
DESIGN,PRODUCT DESIGN,SUCCESSFUL,834,50000.0,264845.0,True,False,UT,1595534400,2020-07-23 20:00:00,1592408410,2020-06-17 15:40:10,1595534400,2020-07-23 20:00:00,36.0,True,Success,Spotlight,US,DESIGN PRODUCT DESIGN,264845.0,the United States,en,English,FERNWEH   The Backpacking Bag For Photography & The Outdoors,An adventure bag expertly built for reaching places you’ve never been — pushing the boundaries of comfort  access and versatility ,9.0,10.0
DESIGN,PRODUCT DESIGN,SUCCESSFUL,3849,10000.0,313895.0,True,False,CA,1607068740,2020-12-04 07:59:00,1604328420,2020-11-02 14:47:00,1607068740,2020-12-04 07:59:00,32.0,True,Success,Spotlight,US,DESIGN PRODUCT DESIGN,313895.0,the United States,en,English,Mopoint  World s Smallest 100W GaN USB-C Charger,100W GaN USB-C Charger  3 X USB-C and 1 X USB-A ports for 4 devices  Only 1/2 iPhone 12 Mini Size  20W Fast Charging for New iPhone 12,7.0,10.0
TECHNOLOGY,HARDWARE,SUCCESSFUL,5043,8000.0,364742.0,True,False,DE,1588336877,2020-05-01 12:41:17,1582551677,2020-02-24 13:41:17,1588336877,2020-05-01 12:41:17,67.0,True,Success,Spotlight,US,TECHNOLOGY HARDWARE,364742.0,the United States,en,English,Galio  Ultimate Small & Powerful 120w GaN+SiC USB-C Charger,120w quick charges to 3 devices   2 x Type-C + 1 x USB-A   Support all fast charging protocols   Built-in foldable prongs & safeguards,7.0,10.0
