subcategory,SuccessCount,FailCount,TotalCount,PercentSuccess,MeanPledged,MeanPledgedSuccess,MeanPledgedFailed,MedianPledged,MedianPledgedSuccess,MedianPledgedFailed,MeanActualPledged,MeanActualPledgedSuccess,MeanActualPledgedFailed,MedianActualPledged,MedianActualPledgedSuccess,MedianActualPledgedFailed,MeanGoal,MeanGoalSuccess,MeanGoalFailed,MedianGoal,MedianGoalSuccess,MedianGoalFailed,MinGoal,MinGoalSuccess,MinGoalFailed,MaxGoal,MaxGoalSuccess,MaxGoalFailed,MeanBackers,MeanBackersSuccess,MeanBackersFailed,MedianBackers,MedianBackersSuccess,MedianBackersFailed
DESIGN,3,0,3,100.0,52118.69,52118.69,,51857.0,52118.69,,52118.69,52118.69,,51857.0,52118.69,,15819.37,15819.37,,10000.0,10000.0,,7458.12,7458.12,0,30000.0,30000.0,0,755.0,755.0,,507.0,507.0,
GRAPHIC DESIGN,2,0,2,100.0,5455.0,5455.0,,5455.0,5455.0,,5455.0,5455.0,,5455.0,5455.0,,275.0,275.0,,275.0,275.0,,250.0,250.0,0,300.0,300.0,0,179.0,179.0,,179.0,179.0,
INTERACTIVE DESIGN,2,0,2,100.0,10363.5,10363.5,,10363.5,10363.5,,10363.5,10363.5,,10363.5,10363.5,,10000.0,10000.0,,10000.0,10000.0,,2000.0,2000.0,0,18000.0,18000.0,0,60.0,60.0,,60.5,60.5,
PRODUCT DESIGN,31,0,31,100.0,69001.56,69001.56,,28097.3,69001.56,,69001.56,69001.56,,28097.3,69001.56,,11030.95,11030.95,,10000.0,10000.0,,267.56,267.56,0,50000.0,50000.0,0,730.0,730.0,,163.0,163.0,
TOYS,1,0,1,100.0,18374.0,18374.0,,18374.0,18374.0,,18374.0,18374.0,,18374.0,18374.0,,18000.0,18000.0,,18000.0,18000.0,,18000.0,18000.0,0,18000.0,18000.0,0,76.0,76.0,,76.0,76.0,
TYPOGRAPHY,1,0,1,100.0,16019.0,16019.0,,16019.0,16019.0,,16019.0,16019.0,,16019.0,16019.0,,4000.0,4000.0,,4000.0,4000.0,,4000.0,4000.0,0,4000.0,4000.0,0,373.0,373.0,,373.0,373.0,
