goalgroup,SuccessCount,FailCount,TotalCount,PercentSuccess,MeanPledged,MeanPledgedSuccess,MeanPledgedFailed,MedianPledged,MedianPledgedSuccess,MedianPledgedFailed,MeanActualPledged,MeanActualPledgedSuccess,MeanActualPledgedFailed,MedianActualPledged,MedianActualPledgedSuccess,MedianActualPledgedFailed,MeanGoal,MeanGoalSuccess,MeanGoalFailed,MedianGoal,MedianGoalSuccess,MedianGoalFailed,MinGoal,MinGoalSuccess,MinGoalFailed,MaxGoal,MaxGoalSuccess,MaxGoalFailed,MeanBackers,MeanBackersSuccess,MeanBackersFailed,MedianBackers,MedianBackersSuccess,MedianBackersFailed
4.0,1,1,2,50.0,1224.5,2153.0,296.0,1224.5,2153.0,296.0,1076.5,2153.0,0.0,1076.5,2153.0,0.0,2250.0,2000.0,2500.0,2250.0,2000.0,2500.0,2000.0,2000.0,2500.0,2500.0,2000.0,2500.0,42.0,73.0,11.0,42.0,73.0,11.0
5.0,1,1,2,50.0,3567.0,4489.0,2645.0,3567.0,4489.0,2645.0,2244.5,4489.0,0.0,2244.5,4489.0,0.0,3850.0,3700.0,4000.0,3850.0,3700.0,4000.0,3700.0,3700.0,4000.0,4000.0,3700.0,4000.0,97.0,83.0,111.0,97.0,83.0,111.0
7.0,2,1,3,66.67,8318.67,11189.0,2578.0,9187.0,11189.0,2578.0,7459.33,11189.0,0.0,9187.0,11189.0,0.0,7666.67,7500.0,8000.0,8000.0,7500.0,8000.0,7000.0,7000.0,8000.0,8000.0,8000.0,8000.0,277.0,356.0,118.0,162.0,356.0,118.0
8.0,1,1,2,50.0,33004.0,65395.0,613.0,33004.0,65395.0,613.0,32697.5,65395.0,0.0,32697.5,65395.0,0.0,17500.0,20000.0,15000.0,17500.0,20000.0,15000.0,15000.0,20000.0,15000.0,20000.0,20000.0,15000.0,1126.0,2247.0,6.0,1126.5,2247.0,6.0
