goalgroup,SuccessCount,FailCount,TotalCount,PercentSuccess,MeanPledged,MeanPledgedSuccess,MeanPledgedFailed,MedianPledged,MedianPledgedSuccess,MedianPledgedFailed,MeanActualPledged,MeanActualPledgedSuccess,MeanActualPledgedFailed,MedianActualPledged,MedianActualPledgedSuccess,MedianActualPledgedFailed,MeanGoal,MeanGoalSuccess,MeanGoalFailed,MedianGoal,MedianGoalSuccess,MedianGoalFailed,MinGoal,MinGoalSuccess,MinGoalFailed,MaxGoal,MaxGoalSuccess,MaxGoalFailed,MeanBackers,MeanBackersSuccess,MeanBackersFailed,MedianBackers,MedianBackersSuccess,MedianBackersFailed
3.0,5,0,5,100.0,4787.2,4787.2,,5383.0,4787.2,,4787.2,4787.2,,5383.0,4787.2,,1188.8,1188.8,,1111.0,1111.0,,1111.0,1111.0,0,1500.0,1500.0,0,83.0,83.0,,88.0,88.0,
4.0,1,0,1,100.0,2793.0,2793.0,,2793.0,2793.0,,2793.0,2793.0,,2793.0,2793.0,,2000.0,2000.0,,2000.0,2000.0,,2000.0,2000.0,0,2000.0,2000.0,0,82.0,82.0,,82.0,82.0,
6.0,2,0,2,100.0,6113.12,6113.12,,6113.12,6113.12,,6113.12,6113.12,,6113.12,6113.12,,5624.08,5624.08,,5624.08,5624.08,,5248.17,5248.17,0,6000.0,6000.0,0,51.0,51.0,,51.0,51.0,
8.0,1,0,1,100.0,45562.0,45562.0,,45562.0,45562.0,,45562.0,45562.0,,45562.0,45562.0,,20000.0,20000.0,,20000.0,20000.0,,20000.0,20000.0,0,20000.0,20000.0,0,765.0,765.0,,765.0,765.0,
