features,SuccessCount,FailCount,TotalCount,PercentSuccess,MeanPledged,MeanPledgedSuccess,MeanPledgedFailed,MedianPledged,MedianPledgedSuccess,MedianPledgedFailed,MeanActualPledged,MeanActualPledgedSuccess,MeanActualPledgedFailed,MedianActualPledged,MedianActualPledgedSuccess,MedianActualPledgedFailed,MeanGoal,MeanGoalSuccess,MeanGoalFailed,MedianGoal,MedianGoalSuccess,MedianGoalFailed,MinGoal,MinGoalSuccess,MinGoalFailed,MaxGoal,MaxGoalSuccess,MaxGoalFailed,MeanBackers,MeanBackersSuccess,MeanBackersFailed,MedianBackers,MedianBackersSuccess,MedianBackersFailed
Both,32,0,32,100.0,40589.69,40589.69,,13168.96,40589.69,,40589.69,40589.69,,13168.96,40589.69,,19684.8,19684.8,,10000.0,10000.0,,500.0,500.0,0,95000.0,95000.0,0,365.0,365.0,,154.5,154.5,
None,0,51,51,0.0,625.81,,625.81,91.0,,91.0,0.0,,0.0,0.0,,0.0,28006.89,,28006.89,7530.21,,7530.21,270.0,0.0,270.0,300000.0,0.0,300000.0,11.0,,11.0,4.0,,4.0
Spotlight,193,0,193,100.0,19050.08,19050.08,,5148.0,19050.08,,19050.08,19050.08,,5148.0,19050.08,,5748.22,5748.22,,2700.0,2700.0,,71.19,71.19,0,50000.0,50000.0,0,248.0,248.0,,78.0,78.0,
StaffPick,0,5,5,0.0,5091.8,,5091.8,2691.0,,2691.0,0.0,,0.0,0.0,,0.0,24067.0,,24067.0,25335.0,,25335.0,5000.0,0.0,5000.0,50000.0,0.0,50000.0,85.0,,85.0,60.0,,60.0
