goalgroup,SuccessCount,FailCount,TotalCount,PercentSuccess,MeanPledged,MeanPledgedSuccess,MeanPledgedFailed,MedianPledged,MedianPledgedSuccess,MedianPledgedFailed,MeanActualPledged,MeanActualPledgedSuccess,MeanActualPledgedFailed,MedianActualPledged,MedianActualPledgedSuccess,MedianActualPledgedFailed,MeanGoal,MeanGoalSuccess,MeanGoalFailed,MedianGoal,MedianGoalSuccess,MedianGoalFailed,MinGoal,MinGoalSuccess,MinGoalFailed,MaxGoal,MaxGoalSuccess,MaxGoalFailed,MeanBackers,MeanBackersSuccess,MeanBackersFailed,MedianBackers,MedianBackersSuccess,MedianBackersFailed
6.0,0,2,2,0.0,6.5,,6.5,6.5,,6.5,0.0,,0.0,0.0,,0.0,5900.0,,5900.0,5900.0,,5900.0,5800.0,0,5800.0,6000.0,0,6000.0,2.0,,2.0,2.0,,2.0
8.0,1,0,1,100.0,18078.4,18078.4,,18078.4,18078.4,,18078.4,18078.4,,18078.4,18078.4,,14925.23,14925.23,,14925.23,14925.23,,14925.23,14925.23,0.0,14925.23,14925.23,0.0,194.0,194.0,,194.0,194.0,
9.0,1,0,1,100.0,58600.0,58600.0,,58600.0,58600.0,,58600.0,58600.0,,58600.0,58600.0,,50000.0,50000.0,,50000.0,50000.0,,50000.0,50000.0,0.0,50000.0,50000.0,0.0,432.0,432.0,,432.0,432.0,
10.0,0,2,2,0.0,652.0,,652.0,652.0,,652.0,0.0,,0.0,0.0,,0.0,77500.0,,77500.0,77500.0,,77500.0,55000.0,0,55000.0,100000.0,0,100000.0,10.0,,10.0,10.5,,10.5
