goalgroup,SuccessCount,FailCount,TotalCount,PercentSuccess,MeanPledged,MeanPledgedSuccess,MeanPledgedFailed,MedianPledged,MedianPledgedSuccess,MedianPledgedFailed,MeanActualPledged,MeanActualPledgedSuccess,MeanActualPledgedFailed,MedianActualPledged,MedianActualPledgedSuccess,MedianActualPledgedFailed,MeanGoal,MeanGoalSuccess,MeanGoalFailed,MedianGoal,MedianGoalSuccess,MedianGoalFailed,MinGoal,MinGoalSuccess,MinGoalFailed,MaxGoal,MaxGoalSuccess,MaxGoalFailed,MeanBackers,MeanBackersSuccess,MeanBackersFailed,MedianBackers,MedianBackersSuccess,MedianBackersFailed
1.0,2,0,2,100.0,1055.68,1055.68,,1055.68,1055.68,,1055.68,1055.68,,1055.68,1055.68,,401.74,401.74,,401.74,401.74,,400.0,400.0,0,403.48,403.48,0,44.0,44.0,,44.5,44.5,
2.0,1,0,1,100.0,3077.0,3077.0,,3077.0,3077.0,,3077.0,3077.0,,3077.0,3077.0,,500.0,500.0,,500.0,500.0,,500.0,500.0,0,500.0,500.0,0,140.0,140.0,,140.0,140.0,
3.0,5,0,5,100.0,4298.2,4298.2,,5383.0,4298.2,,4298.2,4298.2,,5383.0,4298.2,,1166.6,1166.6,,1111.0,1111.0,,1000.0,1000.0,0,1500.0,1500.0,0,82.0,82.0,,91.0,91.0,
5.0,1,0,1,100.0,4521.0,4521.0,,4521.0,4521.0,,4521.0,4521.0,,4521.0,4521.0,,4300.0,4300.0,,4300.0,4300.0,,4300.0,4300.0,0,4300.0,4300.0,0,80.0,80.0,,80.0,80.0,
6.0,1,0,1,100.0,5255.23,5255.23,,5255.23,5255.23,,5255.23,5255.23,,5255.23,5255.23,,5248.17,5248.17,,5248.17,5248.17,,5248.17,5248.17,0,5248.17,5248.17,0,40.0,40.0,,40.0,40.0,
7.0,1,0,1,100.0,51857.0,51857.0,,51857.0,51857.0,,51857.0,51857.0,,51857.0,51857.0,,10000.0,10000.0,,10000.0,10000.0,,10000.0,10000.0,0,10000.0,10000.0,0,1421.0,1421.0,,1421.0,1421.0,
9.0,1,0,1,100.0,52813.99,52813.99,,52813.99,52813.99,,52813.99,52813.99,,52813.99,52813.99,,47500.0,47500.0,,47500.0,47500.0,,47500.0,47500.0,0,47500.0,47500.0,0,903.0,903.0,,903.0,903.0,
