features,SuccessCount,FailCount,TotalCount,PercentSuccess,MeanPledged,MeanPledgedSuccess,MeanPledgedFailed,MedianPledged,MedianPledgedSuccess,MedianPledgedFailed,MeanActualPledged,MeanActualPledgedSuccess,MeanActualPledgedFailed,MedianActualPledged,MedianActualPledgedSuccess,MedianActualPledgedFailed,MeanGoal,MeanGoalSuccess,MeanGoalFailed,MedianGoal,MedianGoalSuccess,MedianGoalFailed,MinGoal,MinGoalSuccess,MinGoalFailed,MaxGoal,MaxGoalSuccess,MaxGoalFailed,MeanBackers,MeanBackersSuccess,MeanBackersFailed,MedianBackers,MedianBackersSuccess,MedianBackersFailed
Both,442,0,442,100.0,63971.14,63971.14,,11972.5,63971.14,,63971.14,63971.14,,11972.5,63971.14,,21815.7,21815.7,,8000.0,8000.0,,50.0,50.0,0,2000000.0,2000000.0,0,609.0,609.0,,189.5,189.5,
None,19,1426,1445,1.31,1074.93,20694.29,813.52,60.0,20694.29,56.0,312.8,20693.21,41.25,0.0,20693.21,0.0,49627.13,15824.03,50077.52,6200.0,1164.53,6249.09,17.16,17.16,20.0,10000000.0,237035.63,10000000.0,11.0,65.0,11.0,3.0,41.0,3.0
Spotlight,1738,0,1738,100.0,14183.56,14183.56,,3763.11,14183.56,,14183.56,14183.56,,3763.11,14183.56,,6147.68,6147.68,,2604.85,2604.85,,0.8,0.8,0,150000.0,150000.0,0,154.0,154.0,,57.0,57.0,
StaffPick,8,49,57,14.04,7416.39,28434.72,3984.83,1905.0,28434.72,936.99,4154.69,28434.72,190.61,0.0,28434.72,0.0,14355.15,6073.19,15707.31,7000.0,5000.0,8004.83,250.0,2000.0,250.0,100000.0,11835.8,100000.0,88.0,298.0,54.0,34.0,151.0,20.0
