subcategory,SuccessCount,FailCount,TotalCount,PercentSuccess,MeanPledged,MeanPledgedSuccess,MeanPledgedFailed,MedianPledged,MedianPledgedSuccess,MedianPledgedFailed,MeanActualPledged,MeanActualPledgedSuccess,MeanActualPledgedFailed,MedianActualPledged,MedianActualPledgedSuccess,MedianActualPledgedFailed,MeanGoal,MeanGoalSuccess,MeanGoalFailed,MedianGoal,MedianGoalSuccess,MedianGoalFailed,MinGoal,MinGoalSuccess,MinGoalFailed,MaxGoal,MaxGoalSuccess,MaxGoalFailed,MeanBackers,MeanBackersSuccess,MeanBackersFailed,MedianBackers,MedianBackersSuccess,MedianBackersFailed
ACCESSORIES,13,0,13,100.0,5630.85,5630.85,,1551.0,5630.85,,5630.85,5630.85,,1551.0,5630.85,,2318.46,2318.46,,500.0,500.0,,300.0,300.0,0,15000.0,15000.0,0,71.0,71.0,,53.0,53.0,
APPAREL,4,0,4,100.0,3653.0,3653.0,,3890.0,3653.0,,3653.0,3653.0,,3890.0,3653.0,,2071.25,2071.25,,1967.5,1967.5,,350.0,350.0,0,4000.0,4000.0,0,66.0,66.0,,72.5,72.5,
CHILDRENSWEAR,1,2,3,33.33,3860.67,5303.0,3139.5,5303.0,5303.0,3139.5,1767.67,5303.0,0.0,0.0,5303.0,0.0,8500.0,5000.0,10250.0,5000.0,5000.0,10250.0,500.0,5000.0,500.0,20000.0,5000.0,20000.0,40.0,51.0,35.0,51.0,51.0,35.0
COUTURE,1,0,1,100.0,5642.0,5642.0,,5642.0,5642.0,,5642.0,5642.0,,5642.0,5642.0,,5500.0,5500.0,,5500.0,5500.0,,5500.0,5500.0,0,5500.0,5500.0,0,43.0,43.0,,43.0,43.0,
FASHION,2,0,2,100.0,1836.0,1836.0,,1836.0,1836.0,,1836.0,1836.0,,1836.0,1836.0,,1412.0,1412.0,,1412.0,1412.0,,324.0,324.0,0,2500.0,2500.0,0,32.0,32.0,,32.0,32.0,
FOOTWEAR,2,0,2,100.0,24686.5,24686.5,,24686.5,24686.5,,24686.5,24686.5,,24686.5,24686.5,,23185.0,23185.0,,23185.0,23185.0,,1370.0,1370.0,0,45000.0,45000.0,0,68.0,68.0,,67.5,67.5,
JEWELRY,3,0,3,100.0,3900.36,3900.36,,2682.09,3900.36,,3900.36,3900.36,,2682.09,3900.36,,2141.23,2141.23,,1000.0,1000.0,,423.68,423.68,0,5000.0,5000.0,0,56.0,56.0,,72.0,72.0,
