goalgroup,SuccessCount,FailCount,TotalCount,PercentSuccess,MeanPledged,MeanPledgedSuccess,MeanPledgedFailed,MedianPledged,MedianPledgedSuccess,MedianPledgedFailed,MeanActualPledged,MeanActualPledgedSuccess,MeanActualPledgedFailed,MedianActualPledged,MedianActualPledgedSuccess,MedianActualPledgedFailed,MeanGoal,MeanGoalSuccess,MeanGoalFailed,MedianGoal,MedianGoalSuccess,MedianGoalFailed,MinGoal,MinGoalSuccess,MinGoalFailed,MaxGoal,MaxGoalSuccess,MaxGoalFailed,MeanBackers,MeanBackersSuccess,MeanBackersFailed,MedianBackers,MedianBackersSuccess,MedianBackersFailed
2.0,1,0,1,100.0,510.0,510.0,,510.0,510.0,,510.0,510.0,,510.0,510.0,,500.0,500.0,,500.0,500.0,,500.0,500.0,0,500.0,500.0,0,32.0,32.0,,32.0,32.0,
3.0,0,1,1,0.0,1.0,,1.0,1.0,,1.0,0.0,,0.0,0.0,,0.0,1030.0,,1030.0,1030.0,,1030.0,1030.0,0.0,1030.0,1030.0,0.0,1030.0,1.0,,1.0,1.0,,1.0
4.0,3,0,3,100.0,3972.67,3972.67,,3563.0,3972.67,,3972.67,3972.67,,3563.0,3972.67,,2000.0,2000.0,,2000.0,2000.0,,1800.0,1800.0,0,2200.0,2200.0,0,101.0,101.0,,68.0,68.0,
5.0,5,0,5,100.0,3897.33,3897.33,,3900.64,3897.33,,3897.33,3897.33,,3900.64,3897.33,,3568.39,3568.39,,3500.0,3500.0,,3000.0,3000.0,0,4300.0,4300.0,0,57.0,57.0,,42.0,42.0,
6.0,1,0,1,100.0,6021.0,6021.0,,6021.0,6021.0,,6021.0,6021.0,,6021.0,6021.0,,6000.0,6000.0,,6000.0,6000.0,,6000.0,6000.0,0,6000.0,6000.0,0,43.0,43.0,,43.0,43.0,
7.0,4,0,4,100.0,8063.25,8063.25,,7560.5,8063.25,,8063.25,8063.25,,7560.5,8063.25,,7750.0,7750.0,,7250.0,7250.0,,6500.0,6500.0,0,10000.0,10000.0,0,104.0,104.0,,90.5,90.5,
8.0,2,0,2,100.0,35441.51,35441.51,,35441.51,35441.51,,35441.51,35441.51,,35441.51,35441.51,,16550.0,16550.0,,16550.0,16550.0,,15000.0,15000.0,0,18100.0,18100.0,0,328.0,328.0,,328.5,328.5,
