goalgroup,SuccessCount,FailCount,TotalCount,PercentSuccess,MeanPledged,MeanPledgedSuccess,MeanPledgedFailed,MedianPledged,MedianPledgedSuccess,MedianPledgedFailed,MeanActualPledged,MeanActualPledgedSuccess,MeanActualPledgedFailed,MedianActualPledged,MedianActualPledgedSuccess,MedianActualPledgedFailed,MeanGoal,MeanGoalSuccess,MeanGoalFailed,MedianGoal,MedianGoalSuccess,MedianGoalFailed,MinGoal,MinGoalSuccess,MinGoalFailed,MaxGoal,MaxGoalSuccess,MaxGoalFailed,MeanBackers,MeanBackersSuccess,MeanBackersFailed,MedianBackers,MedianBackersSuccess,MedianBackersFailed
1.0,1,0,1,100.0,1087.0,1087.0,,1087.0,1087.0,,1087.0,1087.0,,1087.0,1087.0,,100.0,100.0,,100.0,100.0,,100.0,100.0,0,100.0,100.0,0,24.0,24.0,,24.0,24.0,
3.0,0,1,1,0.0,41.0,,41.0,41.0,,41.0,0.0,,0.0,0.0,,0.0,1000.0,,1000.0,1000.0,,1000.0,1000.0,0.0,1000.0,1000.0,0.0,1000.0,3.0,,3.0,3.0,,3.0
4.0,0,1,1,0.0,179.46,,179.46,179.46,,179.46,0.0,,0.0,0.0,,0.0,1785.4,,1785.4,1785.4,,1785.4,1785.4,0.0,1785.4,1785.4,0.0,1785.4,4.0,,4.0,4.0,,4.0
5.0,0,1,1,0.0,1.0,,1.0,1.0,,1.0,0.0,,0.0,0.0,,0.0,4500.0,,4500.0,4500.0,,4500.0,4500.0,0.0,4500.0,4500.0,0.0,4500.0,1.0,,1.0,1.0,,1.0
