subcategory,SuccessCount,FailCount,TotalCount,PercentSuccess,MeanPledged,MeanPledgedSuccess,MeanPledgedFailed,MedianPledged,MedianPledgedSuccess,MedianPledgedFailed,MeanActualPledged,MeanActualPledgedSuccess,MeanActualPledgedFailed,MedianActualPledged,MedianActualPledgedSuccess,MedianActualPledgedFailed,MeanGoal,MeanGoalSuccess,MeanGoalFailed,MedianGoal,MedianGoalSuccess,MedianGoalFailed,MinGoal,MinGoalSuccess,MinGoalFailed,MaxGoal,MaxGoalSuccess,MaxGoalFailed,MeanBackers,MeanBackersSuccess,MeanBackersFailed,MedianBackers,MedianBackersSuccess,MedianBackersFailed
COOKBOOKS,0,1,1,0.0,56.0,,56.0,56.0,,56.0,0.0,,0.0,0.0,,0.0,5000.0,,5000.0,5000.0,,5000.0,5000.0,0,5000.0,5000.0,0,5000.0,4.0,,4.0,4.0,,4.0
DRINKS,2,1,3,66.67,11730.59,17265.38,661.0,1009.77,17265.38,661.0,11510.25,17265.38,0.0,1009.77,17265.38,0.0,13750.0,12875.0,15500.0,15500.0,12875.0,15500.0,750.0,750.0,15500.0,25000.0,25000.0,15500.0,76.0,110.0,9.0,15.0,110.0,9.0
FOOD,4,0,4,100.0,10481.25,10481.25,,8137.0,10481.25,,10481.25,10481.25,,8137.0,10481.25,,9000.0,9000.0,,6750.0,6750.0,,2500.0,2500.0,0.0,20000.0,20000.0,0.0,154.0,154.0,,138.0,138.0,
FOOD TRUCKS,2,1,3,66.67,27272.43,40828.15,161.0,17196.0,40828.15,161.0,27218.77,40828.15,0.0,17196.0,40828.15,0.0,23702.0,35053.0,1000.0,10106.0,35053.0,1000.0,1000.0,10106.0,1000.0,60000.0,60000.0,1000.0,258.0,384.0,5.0,212.0,384.5,5.0
RESTAURANTS,1,0,1,100.0,5031.0,5031.0,,5031.0,5031.0,,5031.0,5031.0,,5031.0,5031.0,,5000.0,5000.0,,5000.0,5000.0,,5000.0,5000.0,0.0,5000.0,5000.0,0.0,35.0,35.0,,35.0,35.0,
SMALL BATCH,2,3,5,40.0,2836.98,6441.0,434.31,662.0,6441.0,639.92,2576.4,6441.0,0.0,0.0,6441.0,0.0,13536.07,5250.0,19060.11,10000.0,5250.0,18000.0,500.0,500.0,2500.0,36680.34,10000.0,36680.34,68.0,148.0,14.0,25.0,148.5,16.0
VEGAN,1,0,1,100.0,52813.99,52813.99,,52813.99,52813.99,,52813.99,52813.99,,52813.99,52813.99,,47500.0,47500.0,,47500.0,47500.0,,47500.0,47500.0,0.0,47500.0,47500.0,0.0,903.0,903.0,,903.0,903.0,
