subcategory,SuccessCount,FailCount,TotalCount,PercentSuccess,MeanPledged,MeanPledgedSuccess,MeanPledgedFailed,MedianPledged,MedianPledgedSuccess,MedianPledgedFailed,MeanActualPledged,MeanActualPledgedSuccess,MeanActualPledgedFailed,MedianActualPledged,MedianActualPledgedSuccess,MedianActualPledgedFailed,MeanGoal,MeanGoalSuccess,MeanGoalFailed,MedianGoal,MedianGoalSuccess,MedianGoalFailed,MinGoal,MinGoalSuccess,MinGoalFailed,MaxGoal,MaxGoalSuccess,MaxGoalFailed,MeanBackers,MeanBackersSuccess,MeanBackersFailed,MedianBackers,MedianBackersSuccess,MedianBackersFailed
CHILDREN'S BOOKS,6,0,6,100.0,5658.17,5658.17,,6532.5,5658.17,,5658.17,5658.17,,6532.5,5658.17,,5200.0,5200.0,,6250.0,6250.0,,2000.0,2000.0,0,7500.0,7500.0,0,79.0,79.0,,67.0,67.0,
FICTION,5,0,5,100.0,10712.73,10712.73,,3900.64,10712.73,,10712.73,10712.73,,3900.64,10712.73,,5488.39,5488.39,,3250.0,3250.0,,500.0,500.0,0,18100.0,18100.0,0,101.0,101.0,,42.0,42.0,
NONFICTION,1,0,1,100.0,3955.0,3955.0,,3955.0,3955.0,,3955.0,3955.0,,3955.0,3955.0,,3000.0,3000.0,,3000.0,3000.0,,3000.0,3000.0,0,3000.0,3000.0,0,95.0,95.0,,95.0,95.0,
POETRY,1,0,1,100.0,4521.0,4521.0,,4521.0,4521.0,,4521.0,4521.0,,4521.0,4521.0,,4300.0,4300.0,,4300.0,4300.0,,4300.0,4300.0,0,4300.0,4300.0,0,80.0,80.0,,80.0,80.0,
YOUNG ADULT,3,1,4,75.0,11271.0,15027.67,1.0,6911.5,15027.67,1.0,11270.75,15027.67,0.0,6911.5,15027.67,0.0,7382.5,9500.0,1030.0,6750.0,10000.0,1030.0,1030.0,3500.0,1030.0,15000.0,15000.0,1030.0,146.0,195.0,1.0,51.0,68.0,1.0
