subcategory,SuccessCount,FailCount,TotalCount,PercentSuccess,MeanPledged,MeanPledgedSuccess,MeanPledgedFailed,MedianPledged,MedianPledgedSuccess,MedianPledgedFailed,MeanActualPledged,MeanActualPledgedSuccess,MeanActualPledgedFailed,MedianActualPledged,MedianActualPledgedSuccess,MedianActualPledgedFailed,MeanGoal,MeanGoalSuccess,MeanGoalFailed,MedianGoal,MedianGoalSuccess,MedianGoalFailed,MinGoal,MinGoalSuccess,MinGoalFailed,MaxGoal,MaxGoalSuccess,MaxGoalFailed,MeanBackers,MeanBackersSuccess,MeanBackersFailed,MedianBackers,MedianBackersSuccess,MedianBackersFailed
GAMING HARDWARE,0,1,1,0.0,2578.0,,2578.0,2578.0,,2578.0,0.0,,0.0,0.0,,0.0,8000.0,,8000.0,8000.0,,8000.0,8000.0,0,8000.0,8000.0,0,8000.0,118.0,,118.0,118.0,,118.0
LIVE GAMES,0,1,1,0.0,613.0,,613.0,613.0,,613.0,0.0,,0.0,0.0,,0.0,15000.0,,15000.0,15000.0,,15000.0,15000.0,0,15000.0,15000.0,0,15000.0,6.0,,6.0,6.0,,6.0
PLAYING CARDS,3,1,4,75.0,7378.0,8955.67,2645.0,6838.0,8955.67,2645.0,6716.75,8955.67,0.0,6838.0,8955.67,0.0,5675.0,6233.33,4000.0,5500.0,7000.0,4000.0,3700.0,3700.0,4000.0,8000.0,8000.0,4000.0,226.0,265.0,111.0,136.5,162.0,111.0
PUZZLES,0,1,1,0.0,296.0,,296.0,296.0,,296.0,0.0,,0.0,0.0,,0.0,2500.0,,2500.0,2500.0,,2500.0,2500.0,0,2500.0,2500.0,0,2500.0,11.0,,11.0,11.0,,11.0
VIDEO GAMES,2,0,2,100.0,33774.0,33774.0,,33774.0,33774.0,,33774.0,33774.0,,33774.0,33774.0,,11000.0,11000.0,,11000.0,11000.0,,2000.0,2000.0,0.0,20000.0,20000.0,0.0,1160.0,1160.0,,1160.0,1160.0,
